scenario_id,run_id,run,seed,cache_key,cache_hit,randomized_params,x0_hash,before,after,delta,duration,method_cl_total_before,method_cl_total_after,method_q_total_before,method_q_total_after,I_cl,I_q,delta_R,before_vec_q,after_vec_q,delta_vec_q,before_vec_cl,after_vec_cl,delta_vec_cl,theta_classical,delta_sector_threshold,theta_node,peak_after_q,final_after_recovery_q,recovery_trajectory_q,cl_activated_sectors,cl_first_activation_step,matrix_version,theta_bin,theta_cascade
S3_transport_load,1,1,8890827646628305625,scenario=S3_transport_load|method=both|duration=0|theta=0.300000|delta_threshold=0.100000|A=v1.0|w=na|run_id=1|seed=8890827646628305625,False,,5222c37788a096d3910624247b4a1e76a3afcfe0df2ea7ddd6490cebc16a26a9,0.44666666666666677,0.7724517085114838,0.32578504184481705,21,0.0,1.0,0.44666666666666677,0.7724517085114838,1,1,0.32578504184481705,"{""energy"": 0.6666666666666667, ""water"": 0.2666666666666667, ""transport"": 0.33333333333333337}","{""energy"": 0.8763084030746952, ""water"": 0.40642782427201907, ""transport"": 1.0}","{""energy"": 0.2096417364080284, ""water"": 0.13976115760535235, ""transport"": 0.6666666666666666}","{""energy"": 0.0, ""water"": 0.0, ""transport"": 0.0}","{""energy"": 1.0, ""water"": 1.0, ""transport"": 1.0}","{""energy"": 1.0, ""water"": 1.0, ""transport"": 1.0}",0.3,0.1,,0.7724517085114838,,,"[""energy"", ""water""]",1,v1.0,0.7,0.3
S3_transport_load,2,2,15064064706037321761,scenario=S3_transport_load|method=both|duration=0|theta=0.300000|delta_threshold=0.100000|A=v1.0|w=na|run_id=2|seed=15064064706037321761,False,,5222c37788a096d3910624247b4a1e76a3afcfe0df2ea7ddd6490cebc16a26a9,0.44666666666666677,0.7724517085114838,0.32578504184481705,21,0.0,1.0,0.44666666666666677,0.7724517085114838,1,1,0.32578504184481705,"{""energy"": 0.6666666666666667, ""water"": 0.2666666666666667, ""transport"": 0.33333333333333337}","{""energy"": 0.8763084030746952, ""water"": 0.40642782427201907, ""transport"": 1.0}","{""energy"": 0.2096417364080284, ""water"": 0.13976115760535235, ""transport"": 0.6666666666666666}","{""energy"": 0.0, ""water"": 0.0, ""transport"": 0.0}","{""energy"": 1.0, ""water"": 1.0, ""transport"": 1.0}","{""energy"": 1.0, ""water"": 1.0, ""transport"": 1.0}",0.3,0.1,,0.7724517085114838,,,"[""energy"", ""water""]",1,v1.0,0.7,0.3
S3_transport_load,3,3,5736000442184912993,scenario=S3_transport_load|method=both|duration=0|theta=0.300000|delta_threshold=0.100000|A=v1.0|w=na|run_id=3|seed=5736000442184912993,False,,5222c37788a096d3910624247b4a1e76a3afcfe0df2ea7ddd6490cebc16a26a9,0.44666666666666677,0.7724517085114838,0.32578504184481705,8,0.0,1.0,0.44666666666666677,0.7724517085114838,1,1,0.32578504184481705,"{""energy"": 0.6666666666666667, ""water"": 0.2666666666666667, ""transport"": 0.33333333333333337}","{""energy"": 0.8763084030746952, ""water"": 0.40642782427201907, ""transport"": 1.0}","{""energy"": 0.2096417364080284, ""water"": 0.13976115760535235, ""transport"": 0.6666666666666666}","{""energy"": 0.0, ""water"": 0.0, ""transport"": 0.0}","{""energy"": 1.0, ""water"": 1.0, ""transport"": 1.0}","{""energy"": 1.0, ""water"": 1.0, ""transport"": 1.0}",0.3,0.1,,0.7724517085114838,,,"[""energy"", ""water""]",1,v1.0,0.7,0.3
S3_transport_load,4,4,7352399632207347592,scenario=S3_transport_load|method=both|duration=0|theta=0.300000|delta_threshold=0.100000|A=v1.0|w=na|run_id=4|seed=7352399632207347592,False,,5222c37788a096d3910624247b4a1e76a3afcfe0df2ea7ddd6490cebc16a26a9,0.44666666666666677,0.7724517085114838,0.32578504184481705,17,0.0,1.0,0.44666666666666677,0.7724517085114838,1,1,0.32578504184481705,"{""energy"": 0.6666666666666667, ""water"": 0.2666666666666667, ""transport"": 0.33333333333333337}","{""energy"": 0.8763084030746952, ""water"": 0.40642782427201907, ""transport"": 1.0}","{""energy"": 0.2096417364080284, ""water"": 0.13976115760535235, ""transport"": 0.6666666666666666}","{""energy"": 0.0, ""water"": 0.0, ""transport"": 0.0}","{""energy"": 1.0, ""water"": 1.0, ""transport"": 1.0}","{""energy"": 1.0, ""water"": 1.0, ""transport"": 1.0}",0.3,0.1,,0.7724517085114838,,,"[""energy"", ""water""]",1,v1.0,0.7,0.3
S3_transport_load,5,5,16687246383841892249,scenario=S3_transport_load|method=both|duration=0|theta=0.300000|delta_threshold=0.100000|A=v1.0|w=na|run_id=5|seed=16687246383841892249,False,,5222c37788a096d3910624247b4a1e76a3afcfe0df2ea7ddd6490cebc16a26a9,0.44666666666666677,0.7724517085114838,0.32578504184481705,20,0.0,1.0,0.44666666666666677,0.7724517085114838,1,1,0.32578504184481705,"{""energy"": 0.6666666666666667, ""water"": 0.2666666666666667, ""transport"": 0.33333333333333337}","{""energy"": 0.8763084030746952, ""water"": 0.40642782427201907, ""transport"": 1.0}","{""energy"": 0.2096417364080284, ""water"": 0.13976115760535235, ""transport"": 0.6666666666666666}","{""energy"": 0.0, ""water"": 0.0, ""transport"": 0.0}","{""energy"": 1.0, ""water"": 1.0, ""transport"": 1.0}","{""energy"": 1.0, ""water"": 1.0, ""transport"": 1.0}",0.3,0.1,,0.7724517085114838,,,"[""energy"", ""water""]",1,v1.0,0.7,0.3
S3_transport_load,6,6,5722309517077894813,scenario=S3_transport_load|method=both|duration=0|theta=0.300000|delta_threshold=0.100000|A=v1.0|w=na|run_id=6|seed=5722309517077894813,False,,5222c37788a096d3910624247b4a1e76a3afcfe0df2ea7ddd6490cebc16a26a9,0.44666666666666677,0.7724517085114838,0.32578504184481705,16,0.0,1.0,0.44666666666666677,0.7724517085114838,1,1,0.32578504184481705,"{""energy"": 0.6666666666666667, ""water"": 0.2666666666666667, ""transport"": 0.33333333333333337}","{""energy"": 0.8763084030746952, ""water"": 0.40642782427201907, ""transport"": 1.0}","{""energy"": 0.2096417364080284, ""water"": 0.13976115760535235, ""transport"": 0.6666666666666666}","{""energy"": 0.0, ""water"": 0.0, ""transport"": 0.0}","{""energy"": 1.0, ""water"": 1.0, ""transport"": 1.0}","{""energy"": 1.0, ""water"": 1.0, ""transport"": 1.0}",0.3,0.1,,0.7724517085114838,,,"[""energy"", ""water""]",1,v1.0,0.7,0.3
S3_transport_load,7,7,14093114895253656616,scenario=S3_transport_load|method=both|duration=0|theta=0.300000|delta_threshold=0.100000|A=v1.0|w=na|run_id=7|seed=14093114895253656616,False,,5222c37788a096d3910624247b4a1e76a3afcfe0df2ea7ddd6490cebc16a26a9,0.44666666666666677,0.7724517085114838,0.32578504184481705,15,0.0,1.0,0.44666666666666677,0.7724517085114838,1,1,0.32578504184481705,"{""energy"": 0.6666666666666667, ""water"": 0.2666666666666667, ""transport"": 0.33333333333333337}","{""energy"": 0.8763084030746952, ""water"": 0.40642782427201907, ""transport"": 1.0}","{""energy"": 0.2096417364080284, ""water"": 0.13976115760535235, ""transport"": 0.6666666666666666}","{""energy"": 0.0, ""water"": 0.0, ""transport"": 0.0}","{""energy"": 1.0, ""water"": 1.0, ""transport"": 1.0}","{""energy"": 1.0, ""water"": 1.0, ""transport"": 1.0}",0.3,0.1,,0.7724517085114838,,,"[""energy"", ""water""]",1,v1.0,0.7,0.3
S3_transport_load,8,8,7099181496046430618,scenario=S3_transport_load|method=both|duration=0|theta=0.300000|delta_threshold=0.100000|A=v1.0|w=na|run_id=8|seed=7099181496046430618,False,,5222c37788a096d3910624247b4a1e76a3afcfe0df2ea7ddd6490cebc16a26a9,0.44666666666666677,0.849521467065109,0.40285480039844224,16,0.0,1.0,0.44666666666666677,0.849521467065109,1,1,0.40285480039844224,"{""energy"": 0.6666666666666667, ""water"": 0.2666666666666667, ""transport"": 0.33333333333333337}","{""energy"": 0.9510326816082318, ""water"": 0.563694648072721, ""transport"": 1.0}","{""energy"": 0.2843660149415651, ""water"": 0.29702798140605424, ""transport"": 0.6666666666666666}","{""energy"": 0.0, ""water"": 0.0, ""transport"": 0.0}","{""energy"": 1.0, ""water"": 1.0, ""transport"": 1.0}","{""energy"": 1.0, ""water"": 1.0, ""transport"": 1.0}",0.3,0.1,,0.849521467065109,,,"[""energy"", ""water""]",1,v1.0,0.7,0.3
S3_transport_load,9,9,16933441105734861115,scenario=S3_transport_load|method=both|duration=0|theta=0.300000|delta_threshold=0.100000|A=v1.0|w=na|run_id=9|seed=16933441105734861115,False,,5222c37788a096d3910624247b4a1e76a3afcfe0df2ea7ddd6490cebc16a26a9,0.44666666666666677,0.7724517085114838,0.32578504184481705,8,0.0,1.0,0.44666666666666677,0.7724517085114838,1,1,0.32578504184481705,"{""energy"": 0.6666666666666667, ""water"": 0.2666666666666667, ""transport"": 0.33333333333333337}","{""energy"": 0.8763084030746952, ""water"": 0.40642782427201907, ""transport"": 1.0}","{""energy"": 0.2096417364080284, ""water"": 0.13976115760535235, ""transport"": 0.6666666666666666}","{""energy"": 0.0, ""water"": 0.0, ""transport"": 0.0}","{""energy"": 1.0, ""water"": 1.0, ""transport"": 1.0}","{""energy"": 1.0, ""water"": 1.0, ""transport"": 1.0}",0.3,0.1,,0.7724517085114838,,,"[""energy"", ""water""]",1,v1.0,0.7,0.3
S3_transport_load,10,10,13585426720487505899,scenario=S3_transport_load|method=both|duration=0|theta=0.300000|delta_threshold=0.100000|A=v1.0|w=na|run_id=10|seed=13585426720487505899,False,,5222c37788a096d3910624247b4a1e76a3afcfe0df2ea7ddd6490cebc16a26a9,0.44666666666666677,0.7724517085114838,0.32578504184481705,11,0.0,1.0,0.44666666666666677,0.7724517085114838,1,1,0.32578504184481705,"{""energy"": 0.6666666666666667, ""water"": 0.2666666666666667, ""transport"": 0.33333333333333337}","{""energy"": 0.8763084030746952, ""water"": 0.40642782427201907, ""transport"": 1.0}","{""energy"": 0.2096417364080284, ""water"": 0.13976115760535235, ""transport"": 0.6666666666666666}","{""energy"": 0.0, ""water"": 0.0, ""transport"": 0.0}","{""energy"": 1.0, ""water"": 1.0, ""transport"": 1.0}","{""energy"": 1.0, ""water"": 1.0, ""transport"": 1.0}",0.3,0.1,,0.7724517085114838,,,"[""energy"", ""water""]",1,v1.0,0.7,0.3
S3_transport_load,11,11,15366264700698212262,scenario=S3_transport_load|method=both|duration=0|theta=0.300000|delta_threshold=0.100000|A=v1.0|w=na|run_id=11|seed=15366264700698212262,False,,5222c37788a096d3910624247b4a1e76a3afcfe0df2ea7ddd6490cebc16a26a9,0.44666666666666677,0.7724517085114838,0.32578504184481705,8,0.0,1.0,0.44666666666666677,0.7724517085114838,1,1,0.32578504184481705,"{""energy"": 0.6666666666666667, ""water"": 0.2666666666666667, ""transport"": 0.33333333333333337}","{""energy"": 0.8763084030746952, ""water"": 0.40642782427201907, ""transport"": 1.0}","{""energy"": 0.2096417364080284, ""water"": 0.13976115760535235, ""transport"": 0.6666666666666666}","{""energy"": 0.0, ""water"": 0.0, ""transport"": 0.0}","{""energy"": 1.0, ""water"": 1.0, ""transport"": 1.0}","{""energy"": 1.0, ""water"": 1.0, ""transport"": 1.0}",0.3,0.1,,0.7724517085114838,,,"[""energy"", ""water""]",1,v1.0,0.7,0.3
S3_transport_load,12,12,6256907488579367365,scenario=S3_transport_load|method=both|duration=0|theta=0.300000|delta_threshold=0.100000|A=v1.0|w=na|run_id=12|seed=6256907488579367365,False,,5222c37788a096d3910624247b4a1e76a3afcfe0df2ea7ddd6490cebc16a26a9,0.44666666666666677,0.7724517085114838,0.32578504184481705,24,0.0,1.0,0.44666666666666677,0.7724517085114838,1,1,0.32578504184481705,"{""energy"": 0.6666666666666667, ""water"": 0.2666666666666667, ""transport"": 0.33333333333333337}","{""energy"": 0.8763084030746952, ""water"": 0.40642782427201907, ""transport"": 1.0}","{""energy"": 0.2096417364080284, ""water"": 0.13976115760535235, ""transport"": 0.6666666666666666}","{""energy"": 0.0, ""water"": 0.0, ""transport"": 0.0}","{""energy"": 1.0, ""water"": 1.0, ""transport"": 1.0}","{""energy"": 1.0, ""water"": 1.0, ""transport"": 1.0}",0.3,0.1,,0.7724517085114838,,,"[""energy"", ""water""]",1,v1.0,0.7,0.3
S3_transport_load,13,13,5724359574337817711,scenario=S3_transport_load|method=both|duration=0|theta=0.300000|delta_threshold=0.100000|A=v1.0|w=na|run_id=13|seed=5724359574337817711,False,,5222c37788a096d3910624247b4a1e76a3afcfe0df2ea7ddd6490cebc16a26a9,0.44666666666666677,0.7724517085114838,0.32578504184481705,11,0.0,1.0,0.44666666666666677,0.7724517085114838,1,1,0.32578504184481705,"{""energy"": 0.6666666666666667, ""water"": 0.2666666666666667, ""transport"": 0.33333333333333337}","{""energy"": 0.8763084030746952, ""water"": 0.40642782427201907, ""transport"": 1.0}","{""energy"": 0.2096417364080284, ""water"": 0.13976115760535235, ""transport"": 0.6666666666666666}","{""energy"": 0.0, ""water"": 0.0, ""transport"": 0.0}","{""energy"": 1.0, ""water"": 1.0, ""transport"": 1.0}","{""energy"": 1.0, ""water"": 1.0, ""transport"": 1.0}",0.3,0.1,,0.7724517085114838,,,"[""energy"", ""water""]",1,v1.0,0.7,0.3
S3_transport_load,14,14,16009105258324448555,scenario=S3_transport_load|method=both|duration=0|theta=0.300000|delta_threshold=0.100000|A=v1.0|w=na|run_id=14|seed=16009105258324448555,False,,5222c37788a096d3910624247b4a1e76a3afcfe0df2ea7ddd6490cebc16a26a9,0.44666666666666677,0.7724517085114838,0.32578504184481705,28,0.0,1.0,0.44666666666666677,0.7724517085114838,1,1,0.32578504184481705,"{""energy"": 0.6666666666666667, ""water"": 0.2666666666666667, ""transport"": 0.33333333333333337}","{""energy"": 0.8763084030746952, ""water"": 0.40642782427201907, ""transport"": 1.0}","{""energy"": 0.2096417364080284, ""water"": 0.13976115760535235, ""transport"": 0.6666666666666666}","{""energy"": 0.0, ""water"": 0.0, ""transport"": 0.0}","{""energy"": 1.0, ""water"": 1.0, ""transport"": 1.0}","{""energy"": 1.0, ""water"": 1.0, ""transport"": 1.0}",0.3,0.1,,0.7724517085114838,,,"[""energy"", ""water""]",1,v1.0,0.7,0.3
S3_transport_load,15,15,13361959329272287971,scenario=S3_transport_load|method=both|duration=0|theta=0.300000|delta_threshold=0.100000|A=v1.0|w=na|run_id=15|seed=13361959329272287971,False,,5222c37788a096d3910624247b4a1e76a3afcfe0df2ea7ddd6490cebc16a26a9,0.44666666666666677,0.784019670093514,0.33735300342684726,25,0.0,1.0,0.44666666666666677,0.784019670093514,1,1,0.33735300342684726,"{""energy"": 0.6666666666666667, ""water"": 0.2666666666666667, ""transport"": 0.33333333333333337}","{""energy"": 0.8955883390447456, ""water"": 0.4192811149187193, ""transport"": 1.0}","{""energy"": 0.2289216723780788, ""water"": 0.15261444825205256, ""transport"": 0.6666666666666666}","{""energy"": 0.0, ""water"": 0.0, ""transport"": 0.0}","{""energy"": 1.0, ""water"": 1.0, ""transport"": 1.0}","{""energy"": 1.0, ""water"": 1.0, ""transport"": 1.0}",0.3,0.1,,0.784019670093514,,,"[""energy"", ""water""]",1,v1.0,0.7,0.3
S3_transport_load,16,16,8417414299755024503,scenario=S3_transport_load|method=both|duration=0|theta=0.300000|delta_threshold=0.100000|A=v1.0|w=na|run_id=16|seed=8417414299755024503,False,,5222c37788a096d3910624247b4a1e76a3afcfe0df2ea7ddd6490cebc16a26a9,0.44666666666666677,0.7724517085114838,0.32578504184481705,8,0.0,1.0,0.44666666666666677,0.7724517085114838,1,1,0.32578504184481705,"{""energy"": 0.6666666666666667, ""water"": 0.2666666666666667, ""transport"": 0.33333333333333337}","{""energy"": 0.8763084030746952, ""water"": 0.40642782427201907, ""transport"": 1.0}","{""energy"": 0.2096417364080284, ""water"": 0.13976115760535235, ""transport"": 0.6666666666666666}","{""energy"": 0.0, ""water"": 0.0, ""transport"": 0.0}","{""energy"": 1.0, ""water"": 1.0, ""transport"": 1.0}","{""energy"": 1.0, ""water"": 1.0, ""transport"": 1.0}",0.3,0.1,,0.7724517085114838,,,"[""energy"", ""water""]",1,v1.0,0.7,0.3
S3_transport_load,17,17,3036334066948276230,scenario=S3_transport_load|method=both|duration=0|theta=0.300000|delta_threshold=0.100000|A=v1.0|w=na|run_id=17|seed=3036334066948276230,False,,5222c37788a096d3910624247b4a1e76a3afcfe0df2ea7ddd6490cebc16a26a9,0.44666666666666677,0.7724517085114838,0.32578504184481705,5,0.0,1.0,0.44666666666666677,0.7724517085114838,1,1,0.32578504184481705,"{""energy"": 0.6666666666666667, ""water"": 0.2666666666666667, ""transport"": 0.33333333333333337}","{""energy"": 0.8763084030746952, ""water"": 0.40642782427201907, ""transport"": 1.0}","{""energy"": 0.2096417364080284, ""water"": 0.13976115760535235, ""transport"": 0.6666666666666666}","{""energy"": 0.0, ""water"": 0.0, ""transport"": 0.0}","{""energy"": 1.0, ""water"": 1.0, ""transport"": 1.0}","{""energy"": 1.0, ""water"": 1.0, ""transport"": 1.0}",0.3,0.1,,0.7724517085114838,,,"[""energy"", ""water""]",1,v1.0,0.7,0.3
S3_transport_load,18,18,7150244649693364022,scenario=S3_transport_load|method=both|duration=0|theta=0.300000|delta_threshold=0.100000|A=v1.0|w=na|run_id=18|seed=7150244649693364022,False,,5222c37788a096d3910624247b4a1e76a3afcfe0df2ea7ddd6490cebc16a26a9,0.44666666666666677,0.7849762765790058,0.33830960991233905,29,0.0,1.0,0.44666666666666677,0.7849762765790058,1,1,0.33830960991233905,"{""energy"": 0.6666666666666667, ""water"": 0.2666666666666667, ""transport"": 0.33333333333333337}","{""energy"": 0.8971826831872317, ""water"": 0.4203440110137101, ""transport"": 1.0}","{""energy"": 0.23051601652056497, ""water"": 0.1536773443470434, ""transport"": 0.6666666666666666}","{""energy"": 0.0, ""water"": 0.0, ""transport"": 0.0}","{""energy"": 1.0, ""water"": 1.0, ""transport"": 1.0}","{""energy"": 1.0, ""water"": 1.0, ""transport"": 1.0}",0.3,0.1,,0.7849762765790058,,,"[""energy"", ""water""]",1,v1.0,0.7,0.3
S3_transport_load,19,19,9401572442365823527,scenario=S3_transport_load|method=both|duration=0|theta=0.300000|delta_threshold=0.100000|A=v1.0|w=na|run_id=19|seed=9401572442365823527,False,,5222c37788a096d3910624247b4a1e76a3afcfe0df2ea7ddd6490cebc16a26a9,0.44666666666666677,0.7724517085114838,0.32578504184481705,16,0.0,1.0,0.44666666666666677,0.7724517085114838,1,1,0.32578504184481705,"{""energy"": 0.6666666666666667, ""water"": 0.2666666666666667, ""transport"": 0.33333333333333337}","{""energy"": 0.8763084030746952, ""water"": 0.40642782427201907, ""transport"": 1.0}","{""energy"": 0.2096417364080284, ""water"": 0.13976115760535235, ""transport"": 0.6666666666666666}","{""energy"": 0.0, ""water"": 0.0, ""transport"": 0.0}","{""energy"": 1.0, ""water"": 1.0, ""transport"": 1.0}","{""energy"": 1.0, ""water"": 1.0, ""transport"": 1.0}",0.3,0.1,,0.7724517085114838,,,"[""energy"", ""water""]",1,v1.0,0.7,0.3
S3_transport_load,20,20,4504664692610417991,scenario=S3_transport_load|method=both|duration=0|theta=0.300000|delta_threshold=0.100000|A=v1.0|w=na|run_id=20|seed=4504664692610417991,False,,5222c37788a096d3910624247b4a1e76a3afcfe0df2ea7ddd6490cebc16a26a9,0.44666666666666677,0.7724517085114838,0.32578504184481705,7,0.0,1.0,0.44666666666666677,0.7724517085114838,1,1,0.32578504184481705,"{""energy"": 0.6666666666666667, ""water"": 0.2666666666666667, ""transport"": 0.33333333333333337}","{""energy"": 0.8763084030746952, ""water"": 0.40642782427201907, ""transport"": 1.0}","{""energy"": 0.2096417364080284, ""water"": 0.13976115760535235, ""transport"": 0.6666666666666666}","{""energy"": 0.0, ""water"": 0.0, ""transport"": 0.0}","{""energy"": 1.0, ""water"": 1.0, ""transport"": 1.0}","{""energy"": 1.0, ""water"": 1.0, ""transport"": 1.0}",0.3,0.1,,0.7724517085114838,,,"[""energy"", ""water""]",1,v1.0,0.7,0.3
S3_transport_load,21,21,13451080246356810447,scenario=S3_transport_load|method=both|duration=0|theta=0.300000|delta_threshold=0.100000|A=v1.0|w=na|run_id=21|seed=13451080246356810447,False,,5222c37788a096d3910624247b4a1e76a3afcfe0df2ea7ddd6490cebc16a26a9,0.44666666666666677,0.7724517085114838,0.32578504184481705,9,0.0,1.0,0.44666666666666677,0.7724517085114838,1,1,0.32578504184481705,"{""energy"": 0.6666666666666667, ""water"": 0.2666666666666667, ""transport"": 0.33333333333333337}","{""energy"": 0.8763084030746952, ""water"": 0.40642782427201907, ""transport"": 1.0}","{""energy"": 0.2096417364080284, ""water"": 0.13976115760535235, ""transport"": 0.6666666666666666}","{""energy"": 0.0, ""water"": 0.0, ""transport"": 0.0}","{""energy"": 1.0, ""water"": 1.0, ""transport"": 1.0}","{""energy"": 1.0, ""water"": 1.0, ""transport"": 1.0}",0.3,0.1,,0.7724517085114838,,,"[""energy"", ""water""]",1,v1.0,0.7,0.3
S3_transport_load,22,22,175124498767938981,scenario=S3_transport_load|method=both|duration=0|theta=0.300000|delta_threshold=0.100000|A=v1.0|w=na|run_id=22|seed=175124498767938981,False,,5222c37788a096d3910624247b4a1e76a3afcfe0df2ea7ddd6490cebc16a26a9,0.44666666666666677,0.7724517085114838,0.32578504184481705,30,0.0,1.0,0.44666666666666677,0.7724517085114838,1,1,0.32578504184481705,"{""energy"": 0.6666666666666667, ""water"": 0.2666666666666667, ""transport"": 0.33333333333333337}","{""energy"": 0.8763084030746952, ""water"": 0.40642782427201907, ""transport"": 1.0}","{""energy"": 0.2096417364080284, ""water"": 0.13976115760535235, ""transport"": 0.6666666666666666}","{""energy"": 0.0, ""water"": 0.0, ""transport"": 0.0}","{""energy"": 1.0, ""water"": 1.0, ""transport"": 1.0}","{""energy"": 1.0, ""water"": 1.0, ""transport"": 1.0}",0.3,0.1,,0.7724517085114838,,,"[""energy"", ""water""]",1,v1.0,0.7,0.3
S3_transport_load,23,23,17003949108129404438,scenario=S3_transport_load|method=both|duration=0|theta=0.300000|delta_threshold=0.100000|A=v1.0|w=na|run_id=23|seed=17003949108129404438,False,,5222c37788a096d3910624247b4a1e76a3afcfe0df2ea7ddd6490cebc16a26a9,0.44666666666666677,0.7724517085114838,0.32578504184481705,8,0.0,1.0,0.44666666666666677,0.7724517085114838,1,1,0.32578504184481705,"{""energy"": 0.6666666666666667, ""water"": 0.2666666666666667, ""transport"": 0.33333333333333337}","{""energy"": 0.8763084030746952, ""water"": 0.40642782427201907, ""transport"": 1.0}","{""energy"": 0.2096417364080284, ""water"": 0.13976115760535235, ""transport"": 0.6666666666666666}","{""energy"": 0.0, ""water"": 0.0, ""transport"": 0.0}","{""energy"": 1.0, ""water"": 1.0, ""transport"": 1.0}","{""energy"": 1.0, ""water"": 1.0, ""transport"": 1.0}",0.3,0.1,,0.7724517085114838,,,"[""energy"", ""water""]",1,v1.0,0.7,0.3
S3_transport_load,24,24,11040116348213503842,scenario=S3_transport_load|method=both|duration=0|theta=0.300000|delta_threshold=0.100000|A=v1.0|w=na|run_id=24|seed=11040116348213503842,False,,5222c37788a096d3910624247b4a1e76a3afcfe0df2ea7ddd6490cebc16a26a9,0.44666666666666677,0.7724517085114838,0.32578504184481705,23,0.0,1.0,0.44666666666666677,0.7724517085114838,1,1,0.32578504184481705,"{""energy"": 0.6666666666666667, ""water"": 0.2666666666666667, ""transport"": 0.33333333333333337}","{""energy"": 0.8763084030746952, ""water"": 0.40642782427201907, ""transport"": 1.0}","{""energy"": 0.2096417364080284, ""water"": 0.13976115760535235, ""transport"": 0.6666666666666666}","{""energy"": 0.0, ""water"": 0.0, ""transport"": 0.0}","{""energy"": 1.0, ""water"": 1.0, ""transport"": 1.0}","{""energy"": 1.0, ""water"": 1.0, ""transport"": 1.0}",0.3,0.1,,0.7724517085114838,,,"[""energy"", ""water""]",1,v1.0,0.7,0.3
S3_transport_load,25,25,4546238076976720157,scenario=S3_transport_load|method=both|duration=0|theta=0.300000|delta_threshold=0.100000|A=v1.0|w=na|run_id=25|seed=4546238076976720157,False,,5222c37788a096d3910624247b4a1e76a3afcfe0df2ea7ddd6490cebc16a26a9,0.44666666666666677,0.7724517085114838,0.32578504184481705,11,0.0,1.0,0.44666666666666677,0.7724517085114838,1,1,0.32578504184481705,"{""energy"": 0.6666666666666667, ""water"": 0.2666666666666667, ""transport"": 0.33333333333333337}","{""energy"": 0.8763084030746952, ""water"": 0.40642782427201907, ""transport"": 1.0}","{""energy"": 0.2096417364080284, ""water"": 0.13976115760535235, ""transport"": 0.6666666666666666}","{""energy"": 0.0, ""water"": 0.0, ""transport"": 0.0}","{""energy"": 1.0, ""water"": 1.0, ""transport"": 1.0}","{""energy"": 1.0, ""water"": 1.0, ""transport"": 1.0}",0.3,0.1,,0.7724517085114838,,,"[""energy"", ""water""]",1,v1.0,0.7,0.3
S3_transport_load,26,26,4949935012460106905,scenario=S3_transport_load|method=both|duration=0|theta=0.300000|delta_threshold=0.100000|A=v1.0|w=na|run_id=26|seed=4949935012460106905,False,,5222c37788a096d3910624247b4a1e76a3afcfe0df2ea7ddd6490cebc16a26a9,0.44666666666666677,0.8318751078215378,0.3852084411548711,12,0.0,1.0,0.44666666666666677,0.8318751078215378,1,1,0.3852084411548711,"{""energy"": 0.6666666666666667, ""water"": 0.2666666666666667, ""transport"": 0.33333333333333337}","{""energy"": 0.9075838763957763, ""water"": 0.5628051908774246, ""transport"": 1.0}","{""energy"": 0.24091720972910957, ""water"": 0.2961385242107579, ""transport"": 0.6666666666666666}","{""energy"": 0.0, ""water"": 0.0, ""transport"": 0.0}","{""energy"": 1.0, ""water"": 1.0, ""transport"": 1.0}","{""energy"": 1.0, ""water"": 1.0, ""transport"": 1.0}",0.3,0.1,,0.8318751078215378,,,"[""energy"", ""water""]",1,v1.0,0.7,0.3
S3_transport_load,27,27,7640283237503766578,scenario=S3_transport_load|method=both|duration=0|theta=0.300000|delta_threshold=0.100000|A=v1.0|w=na|run_id=27|seed=7640283237503766578,False,,5222c37788a096d3910624247b4a1e76a3afcfe0df2ea7ddd6490cebc16a26a9,0.44666666666666677,0.7724517085114838,0.32578504184481705,22,0.0,1.0,0.44666666666666677,0.7724517085114838,1,1,0.32578504184481705,"{""energy"": 0.6666666666666667, ""water"": 0.2666666666666667, ""transport"": 0.33333333333333337}","{""energy"": 0.8763084030746952, ""water"": 0.40642782427201907, ""transport"": 1.0}","{""energy"": 0.2096417364080284, ""water"": 0.13976115760535235, ""transport"": 0.6666666666666666}","{""energy"": 0.0, ""water"": 0.0, ""transport"": 0.0}","{""energy"": 1.0, ""water"": 1.0, ""transport"": 1.0}","{""energy"": 1.0, ""water"": 1.0, ""transport"": 1.0}",0.3,0.1,,0.7724517085114838,,,"[""energy"", ""water""]",1,v1.0,0.7,0.3
S3_transport_load,28,28,4401661243634622307,scenario=S3_transport_load|method=both|duration=0|theta=0.300000|delta_threshold=0.100000|A=v1.0|w=na|run_id=28|seed=4401661243634622307,False,,5222c37788a096d3910624247b4a1e76a3afcfe0df2ea7ddd6490cebc16a26a9,0.44666666666666677,0.8087895677840018,0.362122901117335,5,0.0,1.0,0.44666666666666677,0.8087895677840018,1,1,0.362122901117335,"{""energy"": 0.6666666666666667, ""water"": 0.2666666666666667, ""transport"": 0.33333333333333337}","{""energy"": 0.9368715018622253, ""water"": 0.4468032234637058, ""transport"": 1.0}","{""energy"": 0.2702048351955586, ""water"": 0.1801365567970391, ""transport"": 0.6666666666666666}","{""energy"": 0.0, ""water"": 0.0, ""transport"": 0.0}","{""energy"": 1.0, ""water"": 1.0, ""transport"": 1.0}","{""energy"": 1.0, ""water"": 1.0, ""transport"": 1.0}",0.3,0.1,,0.8087895677840018,,,"[""energy"", ""water""]",1,v1.0,0.7,0.3
S3_transport_load,29,29,10518337584195250457,scenario=S3_transport_load|method=both|duration=0|theta=0.300000|delta_threshold=0.100000|A=v1.0|w=na|run_id=29|seed=10518337584195250457,False,,5222c37788a096d3910624247b4a1e76a3afcfe0df2ea7ddd6490cebc16a26a9,0.44666666666666677,0.7724517085114838,0.32578504184481705,30,0.0,1.0,0.44666666666666677,0.7724517085114838,1,1,0.32578504184481705,"{""energy"": 0.6666666666666667, ""water"": 0.2666666666666667, ""transport"": 0.33333333333333337}","{""energy"": 0.8763084030746952, ""water"": 0.40642782427201907, ""transport"": 1.0}","{""energy"": 0.2096417364080284, ""water"": 0.13976115760535235, ""transport"": 0.6666666666666666}","{""energy"": 0.0, ""water"": 0.0, ""transport"": 0.0}","{""energy"": 1.0, ""water"": 1.0, ""transport"": 1.0}","{""energy"": 1.0, ""water"": 1.0, ""transport"": 1.0}",0.3,0.1,,0.7724517085114838,,,"[""energy"", ""water""]",1,v1.0,0.7,0.3
S3_transport_load,30,30,3035379247479952198,scenario=S3_transport_load|method=both|duration=0|theta=0.300000|delta_threshold=0.100000|A=v1.0|w=na|run_id=30|seed=3035379247479952198,False,,5222c37788a096d3910624247b4a1e76a3afcfe0df2ea7ddd6490cebc16a26a9,0.44666666666666677,0.8245244156316927,0.3778577489650259,19,0.0,1.0,0.44666666666666677,0.8245244156316927,1,1,0.3778577489650259,"{""energy"": 0.6666666666666667, ""water"": 0.2666666666666667, ""transport"": 0.33333333333333337}","{""energy"": 0.9451374585725932, ""water"": 0.48823144067551816, ""transport"": 1.0}","{""energy"": 0.2784707919059265, ""water"": 0.22156477400885144, ""transport"": 0.6666666666666666}","{""energy"": 0.0, ""water"": 0.0, ""transport"": 0.0}","{""energy"": 1.0, ""water"": 1.0, ""transport"": 1.0}","{""energy"": 1.0, ""water"": 1.0, ""transport"": 1.0}",0.3,0.1,,0.8245244156316927,,,"[""energy"", ""water""]",1,v1.0,0.7,0.3
S3_transport_load,31,31,15326341186512808866,scenario=S3_transport_load|method=both|duration=0|theta=0.300000|delta_threshold=0.100000|A=v1.0|w=na|run_id=31|seed=15326341186512808866,False,,5222c37788a096d3910624247b4a1e76a3afcfe0df2ea7ddd6490cebc16a26a9,0.44666666666666677,0.7724517085114838,0.32578504184481705,11,0.0,1.0,0.44666666666666677,0.7724517085114838,1,1,0.32578504184481705,"{""energy"": 0.6666666666666667, ""water"": 0.2666666666666667, ""transport"": 0.33333333333333337}","{""energy"": 0.8763084030746952, ""water"": 0.40642782427201907, ""transport"": 1.0}","{""energy"": 0.2096417364080284, ""water"": 0.13976115760535235, ""transport"": 0.6666666666666666}","{""energy"": 0.0, ""water"": 0.0, ""transport"": 0.0}","{""energy"": 1.0, ""water"": 1.0, ""transport"": 1.0}","{""energy"": 1.0, ""water"": 1.0, ""transport"": 1.0}",0.3,0.1,,0.7724517085114838,,,"[""energy"", ""water""]",1,v1.0,0.7,0.3
S3_transport_load,32,32,7380478080297004380,scenario=S3_transport_load|method=both|duration=0|theta=0.300000|delta_threshold=0.100000|A=v1.0|w=na|run_id=32|seed=7380478080297004380,False,,5222c37788a096d3910624247b4a1e76a3afcfe0df2ea7ddd6490cebc16a26a9,0.44666666666666677,0.7724517085114838,0.32578504184481705,22,0.0,1.0,0.44666666666666677,0.7724517085114838,1,1,0.32578504184481705,"{""energy"": 0.6666666666666667, ""water"": 0.2666666666666667, ""transport"": 0.33333333333333337}","{""energy"": 0.8763084030746952, ""water"": 0.40642782427201907, ""transport"": 1.0}","{""energy"": 0.2096417364080284, ""water"": 0.13976115760535235, ""transport"": 0.6666666666666666}","{""energy"": 0.0, ""water"": 0.0, ""transport"": 0.0}","{""energy"": 1.0, ""water"": 1.0, ""transport"": 1.0}","{""energy"": 1.0, ""water"": 1.0, ""transport"": 1.0}",0.3,0.1,,0.7724517085114838,,,"[""energy"", ""water""]",1,v1.0,0.7,0.3
S3_transport_load,33,33,341885810885497397,scenario=S3_transport_load|method=both|duration=0|theta=0.300000|delta_threshold=0.100000|A=v1.0|w=na|run_id=33|seed=341885810885497397,False,,5222c37788a096d3910624247b4a1e76a3afcfe0df2ea7ddd6490cebc16a26a9,0.44666666666666677,0.7724517085114838,0.32578504184481705,17,0.0,1.0,0.44666666666666677,0.7724517085114838,1,1,0.32578504184481705,"{""energy"": 0.6666666666666667, ""water"": 0.2666666666666667, ""transport"": 0.33333333333333337}","{""energy"": 0.8763084030746952, ""water"": 0.40642782427201907, ""transport"": 1.0}","{""energy"": 0.2096417364080284, ""water"": 0.13976115760535235, ""transport"": 0.6666666666666666}","{""energy"": 0.0, ""water"": 0.0, ""transport"": 0.0}","{""energy"": 1.0, ""water"": 1.0, ""transport"": 1.0}","{""energy"": 1.0, ""water"": 1.0, ""transport"": 1.0}",0.3,0.1,,0.7724517085114838,,,"[""energy"", ""water""]",1,v1.0,0.7,0.3
S3_transport_load,34,34,17103422991207695056,scenario=S3_transport_load|method=both|duration=0|theta=0.300000|delta_threshold=0.100000|A=v1.0|w=na|run_id=34|seed=17103422991207695056,False,,5222c37788a096d3910624247b4a1e76a3afcfe0df2ea7ddd6490cebc16a26a9,0.44666666666666677,0.7724517085114838,0.32578504184481705,18,0.0,1.0,0.44666666666666677,0.7724517085114838,1,1,0.32578504184481705,"{""energy"": 0.6666666666666667, ""water"": 0.2666666666666667, ""transport"": 0.33333333333333337}","{""energy"": 0.8763084030746952, ""water"": 0.40642782427201907, ""transport"": 1.0}","{""energy"": 0.2096417364080284, ""water"": 0.13976115760535235, ""transport"": 0.6666666666666666}","{""energy"": 0.0, ""water"": 0.0, ""transport"": 0.0}","{""energy"": 1.0, ""water"": 1.0, ""transport"": 1.0}","{""energy"": 1.0, ""water"": 1.0, ""transport"": 1.0}",0.3,0.1,,0.7724517085114838,,,"[""energy"", ""water""]",1,v1.0,0.7,0.3
S3_transport_load,35,35,9152197164544394606,scenario=S3_transport_load|method=both|duration=0|theta=0.300000|delta_threshold=0.100000|A=v1.0|w=na|run_id=35|seed=9152197164544394606,False,,5222c37788a096d3910624247b4a1e76a3afcfe0df2ea7ddd6490cebc16a26a9,0.44666666666666677,0.7724517085114838,0.32578504184481705,16,0.0,1.0,0.44666666666666677,0.7724517085114838,1,1,0.32578504184481705,"{""energy"": 0.6666666666666667, ""water"": 0.2666666666666667, ""transport"": 0.33333333333333337}","{""energy"": 0.8763084030746952, ""water"": 0.40642782427201907, ""transport"": 1.0}","{""energy"": 0.2096417364080284, ""water"": 0.13976115760535235, ""transport"": 0.6666666666666666}","{""energy"": 0.0, ""water"": 0.0, ""transport"": 0.0}","{""energy"": 1.0, ""water"": 1.0, ""transport"": 1.0}","{""energy"": 1.0, ""water"": 1.0, ""transport"": 1.0}",0.3,0.1,,0.7724517085114838,,,"[""energy"", ""water""]",1,v1.0,0.7,0.3
S3_transport_load,36,36,5795491704971180843,scenario=S3_transport_load|method=both|duration=0|theta=0.300000|delta_threshold=0.100000|A=v1.0|w=na|run_id=36|seed=5795491704971180843,False,,5222c37788a096d3910624247b4a1e76a3afcfe0df2ea7ddd6490cebc16a26a9,0.44666666666666677,0.7724517085114838,0.32578504184481705,8,0.0,1.0,0.44666666666666677,0.7724517085114838,1,1,0.32578504184481705,"{""energy"": 0.6666666666666667, ""water"": 0.2666666666666667, ""transport"": 0.33333333333333337}","{""energy"": 0.8763084030746952, ""water"": 0.40642782427201907, ""transport"": 1.0}","{""energy"": 0.2096417364080284, ""water"": 0.13976115760535235, ""transport"": 0.6666666666666666}","{""energy"": 0.0, ""water"": 0.0, ""transport"": 0.0}","{""energy"": 1.0, ""water"": 1.0, ""transport"": 1.0}","{""energy"": 1.0, ""water"": 1.0, ""transport"": 1.0}",0.3,0.1,,0.7724517085114838,,,"[""energy"", ""water""]",1,v1.0,0.7,0.3
S3_transport_load,37,37,2875966844219020543,scenario=S3_transport_load|method=both|duration=0|theta=0.300000|delta_threshold=0.100000|A=v1.0|w=na|run_id=37|seed=2875966844219020543,False,,5222c37788a096d3910624247b4a1e76a3afcfe0df2ea7ddd6490cebc16a26a9,0.44666666666666677,0.7724517085114838,0.32578504184481705,13,0.0,1.0,0.44666666666666677,0.7724517085114838,1,1,0.32578504184481705,"{""energy"": 0.6666666666666667, ""water"": 0.2666666666666667, ""transport"": 0.33333333333333337}","{""energy"": 0.8763084030746952, ""water"": 0.40642782427201907, ""transport"": 1.0}","{""energy"": 0.2096417364080284, ""water"": 0.13976115760535235, ""transport"": 0.6666666666666666}","{""energy"": 0.0, ""water"": 0.0, ""transport"": 0.0}","{""energy"": 1.0, ""water"": 1.0, ""transport"": 1.0}","{""energy"": 1.0, ""water"": 1.0, ""transport"": 1.0}",0.3,0.1,,0.7724517085114838,,,"[""energy"", ""water""]",1,v1.0,0.7,0.3
S3_transport_load,38,38,9537033078799593423,scenario=S3_transport_load|method=both|duration=0|theta=0.300000|delta_threshold=0.100000|A=v1.0|w=na|run_id=38|seed=9537033078799593423,False,,5222c37788a096d3910624247b4a1e76a3afcfe0df2ea7ddd6490cebc16a26a9,0.44666666666666677,0.8038834294806421,0.3572167628139753,29,0.0,1.0,0.44666666666666677,0.8038834294806421,1,1,0.3572167628139753,"{""energy"": 0.6666666666666667, ""water"": 0.2666666666666667, ""transport"": 0.33333333333333337}","{""energy"": 0.9286946046899591, ""water"": 0.441351958682195, ""transport"": 1.0}","{""energy"": 0.2620279380232924, ""water"": 0.1746852920155283, ""transport"": 0.6666666666666666}","{""energy"": 0.0, ""water"": 0.0, ""transport"": 0.0}","{""energy"": 1.0, ""water"": 1.0, ""transport"": 1.0}","{""energy"": 1.0, ""water"": 1.0, ""transport"": 1.0}",0.3,0.1,,0.8038834294806421,,,"[""energy"", ""water""]",1,v1.0,0.7,0.3
S3_transport_load,39,39,16766224098216360880,scenario=S3_transport_load|method=both|duration=0|theta=0.300000|delta_threshold=0.100000|A=v1.0|w=na|run_id=39|seed=16766224098216360880,False,,5222c37788a096d3910624247b4a1e76a3afcfe0df2ea7ddd6490cebc16a26a9,0.44666666666666677,0.7724517085114838,0.32578504184481705,17,0.0,1.0,0.44666666666666677,0.7724517085114838,1,1,0.32578504184481705,"{""energy"": 0.6666666666666667, ""water"": 0.2666666666666667, ""transport"": 0.33333333333333337}","{""energy"": 0.8763084030746952, ""water"": 0.40642782427201907, ""transport"": 1.0}","{""energy"": 0.2096417364080284, ""water"": 0.13976115760535235, ""transport"": 0.6666666666666666}","{""energy"": 0.0, ""water"": 0.0, ""transport"": 0.0}","{""energy"": 1.0, ""water"": 1.0, ""transport"": 1.0}","{""energy"": 1.0, ""water"": 1.0, ""transport"": 1.0}",0.3,0.1,,0.7724517085114838,,,"[""energy"", ""water""]",1,v1.0,0.7,0.3
S3_transport_load,40,40,6474050726416507053,scenario=S3_transport_load|method=both|duration=0|theta=0.300000|delta_threshold=0.100000|A=v1.0|w=na|run_id=40|seed=6474050726416507053,False,,5222c37788a096d3910624247b4a1e76a3afcfe0df2ea7ddd6490cebc16a26a9,0.44666666666666677,0.836430255169071,0.3897635885024042,11,0.0,1.0,0.44666666666666677,0.836430255169071,1,1,0.3897635885024042,"{""energy"": 0.6666666666666667, ""water"": 0.2666666666666667, ""transport"": 0.33333333333333337}","{""energy"": 0.9543279866124839, ""water"": 0.515663535080258, ""transport"": 1.0}","{""energy"": 0.2876613199458171, ""water"": 0.24899686841359125, ""transport"": 0.6666666666666666}","{""energy"": 0.0, ""water"": 0.0, ""transport"": 0.0}","{""energy"": 1.0, ""water"": 1.0, ""transport"": 1.0}","{""energy"": 1.0, ""water"": 1.0, ""transport"": 1.0}",0.3,0.1,,0.836430255169071,,,"[""energy"", ""water""]",1,v1.0,0.7,0.3
S3_transport_load,41,41,13548828647178168546,scenario=S3_transport_load|method=both|duration=0|theta=0.300000|delta_threshold=0.100000|A=v1.0|w=na|run_id=41|seed=13548828647178168546,False,,5222c37788a096d3910624247b4a1e76a3afcfe0df2ea7ddd6490cebc16a26a9,0.44666666666666677,0.7724517085114838,0.32578504184481705,14,0.0,1.0,0.44666666666666677,0.7724517085114838,1,1,0.32578504184481705,"{""energy"": 0.6666666666666667, ""water"": 0.2666666666666667, ""transport"": 0.33333333333333337}","{""energy"": 0.8763084030746952, ""water"": 0.40642782427201907, ""transport"": 1.0}","{""energy"": 0.2096417364080284, ""water"": 0.13976115760535235, ""transport"": 0.6666666666666666}","{""energy"": 0.0, ""water"": 0.0, ""transport"": 0.0}","{""energy"": 1.0, ""water"": 1.0, ""transport"": 1.0}","{""energy"": 1.0, ""water"": 1.0, ""transport"": 1.0}",0.3,0.1,,0.7724517085114838,,,"[""energy"", ""water""]",1,v1.0,0.7,0.3
S3_transport_load,42,42,8102322032445934021,scenario=S3_transport_load|method=both|duration=0|theta=0.300000|delta_threshold=0.100000|A=v1.0|w=na|run_id=42|seed=8102322032445934021,False,,5222c37788a096d3910624247b4a1e76a3afcfe0df2ea7ddd6490cebc16a26a9,0.44666666666666677,0.7724517085114838,0.32578504184481705,28,0.0,1.0,0.44666666666666677,0.7724517085114838,1,1,0.32578504184481705,"{""energy"": 0.6666666666666667, ""water"": 0.2666666666666667, ""transport"": 0.33333333333333337}","{""energy"": 0.8763084030746952, ""water"": 0.40642782427201907, ""transport"": 1.0}","{""energy"": 0.2096417364080284, ""water"": 0.13976115760535235, ""transport"": 0.6666666666666666}","{""energy"": 0.0, ""water"": 0.0, ""transport"": 0.0}","{""energy"": 1.0, ""water"": 1.0, ""transport"": 1.0}","{""energy"": 1.0, ""water"": 1.0, ""transport"": 1.0}",0.3,0.1,,0.7724517085114838,,,"[""energy"", ""water""]",1,v1.0,0.7,0.3
S3_transport_load,43,43,6954951661001857303,scenario=S3_transport_load|method=both|duration=0|theta=0.300000|delta_threshold=0.100000|A=v1.0|w=na|run_id=43|seed=6954951661001857303,False,,5222c37788a096d3910624247b4a1e76a3afcfe0df2ea7ddd6490cebc16a26a9,0.44666666666666677,0.8053225490658775,0.35865588239921076,21,0.0,1.0,0.44666666666666677,0.8053225490658775,1,1,0.35865588239921076,"{""energy"": 0.6666666666666667, ""water"": 0.2666666666666667, ""transport"": 0.33333333333333337}","{""energy"": 0.9310931373320179, ""water"": 0.4429509804435675, ""transport"": 1.0}","{""energy"": 0.2644264706653512, ""water"": 0.1762843137769008, ""transport"": 0.6666666666666666}","{""energy"": 0.0, ""water"": 0.0, ""transport"": 0.0}","{""energy"": 1.0, ""water"": 1.0, ""transport"": 1.0}","{""energy"": 1.0, ""water"": 1.0, ""transport"": 1.0}",0.3,0.1,,0.8053225490658775,,,"[""energy"", ""water""]",1,v1.0,0.7,0.3
S3_transport_load,44,44,14710134947916348776,scenario=S3_transport_load|method=both|duration=0|theta=0.300000|delta_threshold=0.100000|A=v1.0|w=na|run_id=44|seed=14710134947916348776,False,,5222c37788a096d3910624247b4a1e76a3afcfe0df2ea7ddd6490cebc16a26a9,0.44666666666666677,0.8171751512187109,0.3705084845520441,21,0.0,1.0,0.44666666666666677,0.8171751512187109,1,1,0.3705084845520441,"{""energy"": 0.6666666666666667, ""water"": 0.2666666666666667, ""transport"": 0.33333333333333337}","{""energy"": 0.8998470571311304, ""water"": 0.5241210945541952, ""transport"": 1.0}","{""energy"": 0.2331803904644637, ""water"": 0.2574544278875285, ""transport"": 0.6666666666666666}","{""energy"": 0.0, ""water"": 0.0, ""transport"": 0.0}","{""energy"": 1.0, ""water"": 1.0, ""transport"": 1.0}","{""energy"": 1.0, ""water"": 1.0, ""transport"": 1.0}",0.3,0.1,,0.8171751512187109,,,"[""energy"", ""water""]",1,v1.0,0.7,0.3
S3_transport_load,45,45,14533527275950514094,scenario=S3_transport_load|method=both|duration=0|theta=0.300000|delta_threshold=0.100000|A=v1.0|w=na|run_id=45|seed=14533527275950514094,False,,5222c37788a096d3910624247b4a1e76a3afcfe0df2ea7ddd6490cebc16a26a9,0.44666666666666677,0.7724517085114838,0.32578504184481705,29,0.0,1.0,0.44666666666666677,0.7724517085114838,1,1,0.32578504184481705,"{""energy"": 0.6666666666666667, ""water"": 0.2666666666666667, ""transport"": 0.33333333333333337}","{""energy"": 0.8763084030746952, ""water"": 0.40642782427201907, ""transport"": 1.0}","{""energy"": 0.2096417364080284, ""water"": 0.13976115760535235, ""transport"": 0.6666666666666666}","{""energy"": 0.0, ""water"": 0.0, ""transport"": 0.0}","{""energy"": 1.0, ""water"": 1.0, ""transport"": 1.0}","{""energy"": 1.0, ""water"": 1.0, ""transport"": 1.0}",0.3,0.1,,0.7724517085114838,,,"[""energy"", ""water""]",1,v1.0,0.7,0.3
S3_transport_load,46,46,14114700733617504374,scenario=S3_transport_load|method=both|duration=0|theta=0.300000|delta_threshold=0.100000|A=v1.0|w=na|run_id=46|seed=14114700733617504374,False,,5222c37788a096d3910624247b4a1e76a3afcfe0df2ea7ddd6490cebc16a26a9,0.44666666666666677,0.7724517085114838,0.32578504184481705,17,0.0,1.0,0.44666666666666677,0.7724517085114838,1,1,0.32578504184481705,"{""energy"": 0.6666666666666667, ""water"": 0.2666666666666667, ""transport"": 0.33333333333333337}","{""energy"": 0.8763084030746952, ""water"": 0.40642782427201907, ""transport"": 1.0}","{""energy"": 0.2096417364080284, ""water"": 0.13976115760535235, ""transport"": 0.6666666666666666}","{""energy"": 0.0, ""water"": 0.0, ""transport"": 0.0}","{""energy"": 1.0, ""water"": 1.0, ""transport"": 1.0}","{""energy"": 1.0, ""water"": 1.0, ""transport"": 1.0}",0.3,0.1,,0.7724517085114838,,,"[""energy"", ""water""]",1,v1.0,0.7,0.3
S3_transport_load,47,47,15114467867139512117,scenario=S3_transport_load|method=both|duration=0|theta=0.300000|delta_threshold=0.100000|A=v1.0|w=na|run_id=47|seed=15114467867139512117,False,,5222c37788a096d3910624247b4a1e76a3afcfe0df2ea7ddd6490cebc16a26a9,0.44666666666666677,0.7724517085114838,0.32578504184481705,18,0.0,1.0,0.44666666666666677,0.7724517085114838,1,1,0.32578504184481705,"{""energy"": 0.6666666666666667, ""water"": 0.2666666666666667, ""transport"": 0.33333333333333337}","{""energy"": 0.8763084030746952, ""water"": 0.40642782427201907, ""transport"": 1.0}","{""energy"": 0.2096417364080284, ""water"": 0.13976115760535235, ""transport"": 0.6666666666666666}","{""energy"": 0.0, ""water"": 0.0, ""transport"": 0.0}","{""energy"": 1.0, ""water"": 1.0, ""transport"": 1.0}","{""energy"": 1.0, ""water"": 1.0, ""transport"": 1.0}",0.3,0.1,,0.7724517085114838,,,"[""energy"", ""water""]",1,v1.0,0.7,0.3
S3_transport_load,48,48,9087828319327491264,scenario=S3_transport_load|method=both|duration=0|theta=0.300000|delta_threshold=0.100000|A=v1.0|w=na|run_id=48|seed=9087828319327491264,False,,5222c37788a096d3910624247b4a1e76a3afcfe0df2ea7ddd6490cebc16a26a9,0.44666666666666677,0.7724517085114838,0.32578504184481705,7,0.0,1.0,0.44666666666666677,0.7724517085114838,1,1,0.32578504184481705,"{""energy"": 0.6666666666666667, ""water"": 0.2666666666666667, ""transport"": 0.33333333333333337}","{""energy"": 0.8763084030746952, ""water"": 0.40642782427201907, ""transport"": 1.0}","{""energy"": 0.2096417364080284, ""water"": 0.13976115760535235, ""transport"": 0.6666666666666666}","{""energy"": 0.0, ""water"": 0.0, ""transport"": 0.0}","{""energy"": 1.0, ""water"": 1.0, ""transport"": 1.0}","{""energy"": 1.0, ""water"": 1.0, ""transport"": 1.0}",0.3,0.1,,0.7724517085114838,,,"[""energy"", ""water""]",1,v1.0,0.7,0.3
S3_transport_load,49,49,13784796035759046326,scenario=S3_transport_load|method=both|duration=0|theta=0.300000|delta_threshold=0.100000|A=v1.0|w=na|run_id=49|seed=13784796035759046326,False,,5222c37788a096d3910624247b4a1e76a3afcfe0df2ea7ddd6490cebc16a26a9,0.44666666666666677,0.7724517085114838,0.32578504184481705,6,0.0,1.0,0.44666666666666677,0.7724517085114838,1,1,0.32578504184481705,"{""energy"": 0.6666666666666667, ""water"": 0.2666666666666667, ""transport"": 0.33333333333333337}","{""energy"": 0.8763084030746952, ""water"": 0.40642782427201907, ""transport"": 1.0}","{""energy"": 0.2096417364080284, ""water"": 0.13976115760535235, ""transport"": 0.6666666666666666}","{""energy"": 0.0, ""water"": 0.0, ""transport"": 0.0}","{""energy"": 1.0, ""water"": 1.0, ""transport"": 1.0}","{""energy"": 1.0, ""water"": 1.0, ""transport"": 1.0}",0.3,0.1,,0.7724517085114838,,,"[""energy"", ""water""]",1,v1.0,0.7,0.3
S3_transport_load,50,50,14142361206657072350,scenario=S3_transport_load|method=both|duration=0|theta=0.300000|delta_threshold=0.100000|A=v1.0|w=na|run_id=50|seed=14142361206657072350,False,,5222c37788a096d3910624247b4a1e76a3afcfe0df2ea7ddd6490cebc16a26a9,0.44666666666666677,0.7724517085114838,0.32578504184481705,10,0.0,1.0,0.44666666666666677,0.7724517085114838,1,1,0.32578504184481705,"{""energy"": 0.6666666666666667, ""water"": 0.2666666666666667, ""transport"": 0.33333333333333337}","{""energy"": 0.8763084030746952, ""water"": 0.40642782427201907, ""transport"": 1.0}","{""energy"": 0.2096417364080284, ""water"": 0.13976115760535235, ""transport"": 0.6666666666666666}","{""energy"": 0.0, ""water"": 0.0, ""transport"": 0.0}","{""energy"": 1.0, ""water"": 1.0, ""transport"": 1.0}","{""energy"": 1.0, ""water"": 1.0, ""transport"": 1.0}",0.3,0.1,,0.7724517085114838,,,"[""energy"", ""water""]",1,v1.0,0.7,0.3
S3_transport_load,51,51,16547310904293415223,scenario=S3_transport_load|method=both|duration=0|theta=0.300000|delta_threshold=0.100000|A=v1.0|w=na|run_id=51|seed=16547310904293415223,False,,5222c37788a096d3910624247b4a1e76a3afcfe0df2ea7ddd6490cebc16a26a9,0.44666666666666677,0.7724517085114838,0.32578504184481705,16,0.0,1.0,0.44666666666666677,0.7724517085114838,1,1,0.32578504184481705,"{""energy"": 0.6666666666666667, ""water"": 0.2666666666666667, ""transport"": 0.33333333333333337}","{""energy"": 0.8763084030746952, ""water"": 0.40642782427201907, ""transport"": 1.0}","{""energy"": 0.2096417364080284, ""water"": 0.13976115760535235, ""transport"": 0.6666666666666666}","{""energy"": 0.0, ""water"": 0.0, ""transport"": 0.0}","{""energy"": 1.0, ""water"": 1.0, ""transport"": 1.0}","{""energy"": 1.0, ""water"": 1.0, ""transport"": 1.0}",0.3,0.1,,0.7724517085114838,,,"[""energy"", ""water""]",1,v1.0,0.7,0.3
S3_transport_load,52,52,13070184402977852700,scenario=S3_transport_load|method=both|duration=0|theta=0.300000|delta_threshold=0.100000|A=v1.0|w=na|run_id=52|seed=13070184402977852700,False,,5222c37788a096d3910624247b4a1e76a3afcfe0df2ea7ddd6490cebc16a26a9,0.44666666666666677,0.7724517085114838,0.32578504184481705,26,0.0,1.0,0.44666666666666677,0.7724517085114838,1,1,0.32578504184481705,"{""energy"": 0.6666666666666667, ""water"": 0.2666666666666667, ""transport"": 0.33333333333333337}","{""energy"": 0.8763084030746952, ""water"": 0.40642782427201907, ""transport"": 1.0}","{""energy"": 0.2096417364080284, ""water"": 0.13976115760535235, ""transport"": 0.6666666666666666}","{""energy"": 0.0, ""water"": 0.0, ""transport"": 0.0}","{""energy"": 1.0, ""water"": 1.0, ""transport"": 1.0}","{""energy"": 1.0, ""water"": 1.0, ""transport"": 1.0}",0.3,0.1,,0.7724517085114838,,,"[""energy"", ""water""]",1,v1.0,0.7,0.3
S3_transport_load,53,53,3377870681463300587,scenario=S3_transport_load|method=both|duration=0|theta=0.300000|delta_threshold=0.100000|A=v1.0|w=na|run_id=53|seed=3377870681463300587,False,,5222c37788a096d3910624247b4a1e76a3afcfe0df2ea7ddd6490cebc16a26a9,0.44666666666666677,0.808775929401522,0.3621092627348552,17,0.0,1.0,0.44666666666666677,0.808775929401522,1,1,0.3621092627348552,"{""energy"": 0.6666666666666667, ""water"": 0.2666666666666667, ""transport"": 0.33333333333333337}","{""energy"": 0.9368487712247588, ""water"": 0.44678806970539486, ""transport"": 1.0}","{""energy"": 0.2701821045580921, ""water"": 0.18012140303872815, ""transport"": 0.6666666666666666}","{""energy"": 0.0, ""water"": 0.0, ""transport"": 0.0}","{""energy"": 1.0, ""water"": 1.0, ""transport"": 1.0}","{""energy"": 1.0, ""water"": 1.0, ""transport"": 1.0}",0.3,0.1,,0.808775929401522,,,"[""energy"", ""water""]",1,v1.0,0.7,0.3
S3_transport_load,54,54,3946472892230901394,scenario=S3_transport_load|method=both|duration=0|theta=0.300000|delta_threshold=0.100000|A=v1.0|w=na|run_id=54|seed=3946472892230901394,False,,5222c37788a096d3910624247b4a1e76a3afcfe0df2ea7ddd6490cebc16a26a9,0.44666666666666677,0.7724517085114838,0.32578504184481705,20,0.0,1.0,0.44666666666666677,0.7724517085114838,1,1,0.32578504184481705,"{""energy"": 0.6666666666666667, ""water"": 0.2666666666666667, ""transport"": 0.33333333333333337}","{""energy"": 0.8763084030746952, ""water"": 0.40642782427201907, ""transport"": 1.0}","{""energy"": 0.2096417364080284, ""water"": 0.13976115760535235, ""transport"": 0.6666666666666666}","{""energy"": 0.0, ""water"": 0.0, ""transport"": 0.0}","{""energy"": 1.0, ""water"": 1.0, ""transport"": 1.0}","{""energy"": 1.0, ""water"": 1.0, ""transport"": 1.0}",0.3,0.1,,0.7724517085114838,,,"[""energy"", ""water""]",1,v1.0,0.7,0.3
S3_transport_load,55,55,7028552605511348582,scenario=S3_transport_load|method=both|duration=0|theta=0.300000|delta_threshold=0.100000|A=v1.0|w=na|run_id=55|seed=7028552605511348582,False,,5222c37788a096d3910624247b4a1e76a3afcfe0df2ea7ddd6490cebc16a26a9,0.44666666666666677,0.784972275377029,0.3383056087103622,22,0.0,1.0,0.44666666666666677,0.784972275377029,1,1,0.3383056087103622,"{""energy"": 0.6666666666666667, ""water"": 0.2666666666666667, ""transport"": 0.33333333333333337}","{""energy"": 0.8971760145172704, ""water"": 0.42033956523373583, ""transport"": 1.0}","{""energy"": 0.23050934785060362, ""water"": 0.15367289856706912, ""transport"": 0.6666666666666666}","{""energy"": 0.0, ""water"": 0.0, ""transport"": 0.0}","{""energy"": 1.0, ""water"": 1.0, ""transport"": 1.0}","{""energy"": 1.0, ""water"": 1.0, ""transport"": 1.0}",0.3,0.1,,0.784972275377029,,,"[""energy"", ""water""]",1,v1.0,0.7,0.3
S3_transport_load,56,56,12307181361380352301,scenario=S3_transport_load|method=both|duration=0|theta=0.300000|delta_threshold=0.100000|A=v1.0|w=na|run_id=56|seed=12307181361380352301,False,,5222c37788a096d3910624247b4a1e76a3afcfe0df2ea7ddd6490cebc16a26a9,0.44666666666666677,0.7724517085114838,0.32578504184481705,30,0.0,1.0,0.44666666666666677,0.7724517085114838,1,1,0.32578504184481705,"{""energy"": 0.6666666666666667, ""water"": 0.2666666666666667, ""transport"": 0.33333333333333337}","{""energy"": 0.8763084030746952, ""water"": 0.40642782427201907, ""transport"": 1.0}","{""energy"": 0.2096417364080284, ""water"": 0.13976115760535235, ""transport"": 0.6666666666666666}","{""energy"": 0.0, ""water"": 0.0, ""transport"": 0.0}","{""energy"": 1.0, ""water"": 1.0, ""transport"": 1.0}","{""energy"": 1.0, ""water"": 1.0, ""transport"": 1.0}",0.3,0.1,,0.7724517085114838,,,"[""energy"", ""water""]",1,v1.0,0.7,0.3
S3_transport_load,57,57,9704838868303648438,scenario=S3_transport_load|method=both|duration=0|theta=0.300000|delta_threshold=0.100000|A=v1.0|w=na|run_id=57|seed=9704838868303648438,False,,5222c37788a096d3910624247b4a1e76a3afcfe0df2ea7ddd6490cebc16a26a9,0.44666666666666677,0.8051989224386051,0.35853225577193837,28,0.0,1.0,0.44666666666666677,0.8051989224386051,1,1,0.35853225577193837,"{""energy"": 0.6666666666666667, ""water"": 0.2666666666666667, ""transport"": 0.33333333333333337}","{""energy"": 0.9308870929532309, ""water"": 0.4428136175243762, ""transport"": 1.0}","{""energy"": 0.26422042628656417, ""water"": 0.17614695085770948, ""transport"": 0.6666666666666666}","{""energy"": 0.0, ""water"": 0.0, ""transport"": 0.0}","{""energy"": 1.0, ""water"": 1.0, ""transport"": 1.0}","{""energy"": 1.0, ""water"": 1.0, ""transport"": 1.0}",0.3,0.1,,0.8051989224386051,,,"[""energy"", ""water""]",1,v1.0,0.7,0.3
S3_transport_load,58,58,3064978711700541878,scenario=S3_transport_load|method=both|duration=0|theta=0.300000|delta_threshold=0.100000|A=v1.0|w=na|run_id=58|seed=3064978711700541878,False,,5222c37788a096d3910624247b4a1e76a3afcfe0df2ea7ddd6490cebc16a26a9,0.44666666666666677,0.7724517085114838,0.32578504184481705,27,0.0,1.0,0.44666666666666677,0.7724517085114838,1,1,0.32578504184481705,"{""energy"": 0.6666666666666667, ""water"": 0.2666666666666667, ""transport"": 0.33333333333333337}","{""energy"": 0.8763084030746952, ""water"": 0.40642782427201907, ""transport"": 1.0}","{""energy"": 0.2096417364080284, ""water"": 0.13976115760535235, ""transport"": 0.6666666666666666}","{""energy"": 0.0, ""water"": 0.0, ""transport"": 0.0}","{""energy"": 1.0, ""water"": 1.0, ""transport"": 1.0}","{""energy"": 1.0, ""water"": 1.0, ""transport"": 1.0}",0.3,0.1,,0.7724517085114838,,,"[""energy"", ""water""]",1,v1.0,0.7,0.3
S3_transport_load,59,59,1427140081835728258,scenario=S3_transport_load|method=both|duration=0|theta=0.300000|delta_threshold=0.100000|A=v1.0|w=na|run_id=59|seed=1427140081835728258,False,,5222c37788a096d3910624247b4a1e76a3afcfe0df2ea7ddd6490cebc16a26a9,0.44666666666666677,0.8201685676926294,0.3735019010259626,7,0.0,1.0,0.44666666666666677,0.8201685676926294,1,1,0.3735019010259626,"{""energy"": 0.6666666666666667, ""water"": 0.2666666666666667, ""transport"": 0.33333333333333337}","{""energy"": 0.94302117638307, ""water"": 0.476533657131338, ""transport"": 1.0}","{""energy"": 0.2763545097164033, ""water"": 0.20986699046467128, ""transport"": 0.6666666666666666}","{""energy"": 0.0, ""water"": 0.0, ""transport"": 0.0}","{""energy"": 1.0, ""water"": 1.0, ""transport"": 1.0}","{""energy"": 1.0, ""water"": 1.0, ""transport"": 1.0}",0.3,0.1,,0.8201685676926294,,,"[""energy"", ""water""]",1,v1.0,0.7,0.3
S3_transport_load,60,60,14629378938094824395,scenario=S3_transport_load|method=both|duration=0|theta=0.300000|delta_threshold=0.100000|A=v1.0|w=na|run_id=60|seed=14629378938094824395,False,,5222c37788a096d3910624247b4a1e76a3afcfe0df2ea7ddd6490cebc16a26a9,0.44666666666666677,0.7724517085114838,0.32578504184481705,23,0.0,1.0,0.44666666666666677,0.7724517085114838,1,1,0.32578504184481705,"{""energy"": 0.6666666666666667, ""water"": 0.2666666666666667, ""transport"": 0.33333333333333337}","{""energy"": 0.8763084030746952, ""water"": 0.40642782427201907, ""transport"": 1.0}","{""energy"": 0.2096417364080284, ""water"": 0.13976115760535235, ""transport"": 0.6666666666666666}","{""energy"": 0.0, ""water"": 0.0, ""transport"": 0.0}","{""energy"": 1.0, ""water"": 1.0, ""transport"": 1.0}","{""energy"": 1.0, ""water"": 1.0, ""transport"": 1.0}",0.3,0.1,,0.7724517085114838,,,"[""energy"", ""water""]",1,v1.0,0.7,0.3
S3_transport_load,61,61,3370057095382879468,scenario=S3_transport_load|method=both|duration=0|theta=0.300000|delta_threshold=0.100000|A=v1.0|w=na|run_id=61|seed=3370057095382879468,False,,5222c37788a096d3910624247b4a1e76a3afcfe0df2ea7ddd6490cebc16a26a9,0.44666666666666677,0.7724517085114838,0.32578504184481705,30,0.0,1.0,0.44666666666666677,0.7724517085114838,1,1,0.32578504184481705,"{""energy"": 0.6666666666666667, ""water"": 0.2666666666666667, ""transport"": 0.33333333333333337}","{""energy"": 0.8763084030746952, ""water"": 0.40642782427201907, ""transport"": 1.0}","{""energy"": 0.2096417364080284, ""water"": 0.13976115760535235, ""transport"": 0.6666666666666666}","{""energy"": 0.0, ""water"": 0.0, ""transport"": 0.0}","{""energy"": 1.0, ""water"": 1.0, ""transport"": 1.0}","{""energy"": 1.0, ""water"": 1.0, ""transport"": 1.0}",0.3,0.1,,0.7724517085114838,,,"[""energy"", ""water""]",1,v1.0,0.7,0.3
S3_transport_load,62,62,17883115582044246318,scenario=S3_transport_load|method=both|duration=0|theta=0.300000|delta_threshold=0.100000|A=v1.0|w=na|run_id=62|seed=17883115582044246318,False,,5222c37788a096d3910624247b4a1e76a3afcfe0df2ea7ddd6490cebc16a26a9,0.44666666666666677,0.7724517085114838,0.32578504184481705,11,0.0,1.0,0.44666666666666677,0.7724517085114838,1,1,0.32578504184481705,"{""energy"": 0.6666666666666667, ""water"": 0.2666666666666667, ""transport"": 0.33333333333333337}","{""energy"": 0.8763084030746952, ""water"": 0.40642782427201907, ""transport"": 1.0}","{""energy"": 0.2096417364080284, ""water"": 0.13976115760535235, ""transport"": 0.6666666666666666}","{""energy"": 0.0, ""water"": 0.0, ""transport"": 0.0}","{""energy"": 1.0, ""water"": 1.0, ""transport"": 1.0}","{""energy"": 1.0, ""water"": 1.0, ""transport"": 1.0}",0.3,0.1,,0.7724517085114838,,,"[""energy"", ""water""]",1,v1.0,0.7,0.3
S3_transport_load,63,63,6263301735003985734,scenario=S3_transport_load|method=both|duration=0|theta=0.300000|delta_threshold=0.100000|A=v1.0|w=na|run_id=63|seed=6263301735003985734,False,,5222c37788a096d3910624247b4a1e76a3afcfe0df2ea7ddd6490cebc16a26a9,0.44666666666666677,0.7724517085114838,0.32578504184481705,17,0.0,1.0,0.44666666666666677,0.7724517085114838,1,1,0.32578504184481705,"{""energy"": 0.6666666666666667, ""water"": 0.2666666666666667, ""transport"": 0.33333333333333337}","{""energy"": 0.8763084030746952, ""water"": 0.40642782427201907, ""transport"": 1.0}","{""energy"": 0.2096417364080284, ""water"": 0.13976115760535235, ""transport"": 0.6666666666666666}","{""energy"": 0.0, ""water"": 0.0, ""transport"": 0.0}","{""energy"": 1.0, ""water"": 1.0, ""transport"": 1.0}","{""energy"": 1.0, ""water"": 1.0, ""transport"": 1.0}",0.3,0.1,,0.7724517085114838,,,"[""energy"", ""water""]",1,v1.0,0.7,0.3
S3_transport_load,64,64,17783660201457000081,scenario=S3_transport_load|method=both|duration=0|theta=0.300000|delta_threshold=0.100000|A=v1.0|w=na|run_id=64|seed=17783660201457000081,False,,5222c37788a096d3910624247b4a1e76a3afcfe0df2ea7ddd6490cebc16a26a9,0.44666666666666677,0.7724517085114838,0.32578504184481705,9,0.0,1.0,0.44666666666666677,0.7724517085114838,1,1,0.32578504184481705,"{""energy"": 0.6666666666666667, ""water"": 0.2666666666666667, ""transport"": 0.33333333333333337}","{""energy"": 0.8763084030746952, ""water"": 0.40642782427201907, ""transport"": 1.0}","{""energy"": 0.2096417364080284, ""water"": 0.13976115760535235, ""transport"": 0.6666666666666666}","{""energy"": 0.0, ""water"": 0.0, ""transport"": 0.0}","{""energy"": 1.0, ""water"": 1.0, ""transport"": 1.0}","{""energy"": 1.0, ""water"": 1.0, ""transport"": 1.0}",0.3,0.1,,0.7724517085114838,,,"[""energy"", ""water""]",1,v1.0,0.7,0.3
S3_transport_load,65,65,13293808346710686042,scenario=S3_transport_load|method=both|duration=0|theta=0.300000|delta_threshold=0.100000|A=v1.0|w=na|run_id=65|seed=13293808346710686042,False,,5222c37788a096d3910624247b4a1e76a3afcfe0df2ea7ddd6490cebc16a26a9,0.44666666666666677,0.7724517085114838,0.32578504184481705,19,0.0,1.0,0.44666666666666677,0.7724517085114838,1,1,0.32578504184481705,"{""energy"": 0.6666666666666667, ""water"": 0.2666666666666667, ""transport"": 0.33333333333333337}","{""energy"": 0.8763084030746952, ""water"": 0.40642782427201907, ""transport"": 1.0}","{""energy"": 0.2096417364080284, ""water"": 0.13976115760535235, ""transport"": 0.6666666666666666}","{""energy"": 0.0, ""water"": 0.0, ""transport"": 0.0}","{""energy"": 1.0, ""water"": 1.0, ""transport"": 1.0}","{""energy"": 1.0, ""water"": 1.0, ""transport"": 1.0}",0.3,0.1,,0.7724517085114838,,,"[""energy"", ""water""]",1,v1.0,0.7,0.3
S3_transport_load,66,66,8828136742452539615,scenario=S3_transport_load|method=both|duration=0|theta=0.300000|delta_threshold=0.100000|A=v1.0|w=na|run_id=66|seed=8828136742452539615,False,,5222c37788a096d3910624247b4a1e76a3afcfe0df2ea7ddd6490cebc16a26a9,0.44666666666666677,0.8423867663174209,0.39572009965075416,12,0.0,1.0,0.44666666666666677,0.8423867663174209,1,1,0.39572009965075416,"{""energy"": 0.6666666666666667, ""water"": 0.2666666666666667, ""transport"": 0.33333333333333337}","{""energy"": 0.9476095327554213, ""water"": 0.5444765107175082, ""transport"": 1.0}","{""energy"": 0.2809428660887545, ""water"": 0.2778098440508415, ""transport"": 0.6666666666666666}","{""energy"": 0.0, ""water"": 0.0, ""transport"": 0.0}","{""energy"": 1.0, ""water"": 1.0, ""transport"": 1.0}","{""energy"": 1.0, ""water"": 1.0, ""transport"": 1.0}",0.3,0.1,,0.8423867663174209,,,"[""energy"", ""water""]",1,v1.0,0.7,0.3
S3_transport_load,67,67,6341279296879737447,scenario=S3_transport_load|method=both|duration=0|theta=0.300000|delta_threshold=0.100000|A=v1.0|w=na|run_id=67|seed=6341279296879737447,False,,5222c37788a096d3910624247b4a1e76a3afcfe0df2ea7ddd6490cebc16a26a9,0.44666666666666677,0.7724517085114838,0.32578504184481705,20,0.0,1.0,0.44666666666666677,0.7724517085114838,1,1,0.32578504184481705,"{""energy"": 0.6666666666666667, ""water"": 0.2666666666666667, ""transport"": 0.33333333333333337}","{""energy"": 0.8763084030746952, ""water"": 0.40642782427201907, ""transport"": 1.0}","{""energy"": 0.2096417364080284, ""water"": 0.13976115760535235, ""transport"": 0.6666666666666666}","{""energy"": 0.0, ""water"": 0.0, ""transport"": 0.0}","{""energy"": 1.0, ""water"": 1.0, ""transport"": 1.0}","{""energy"": 1.0, ""water"": 1.0, ""transport"": 1.0}",0.3,0.1,,0.7724517085114838,,,"[""energy"", ""water""]",1,v1.0,0.7,0.3
S3_transport_load,68,68,2796880666480280477,scenario=S3_transport_load|method=both|duration=0|theta=0.300000|delta_threshold=0.100000|A=v1.0|w=na|run_id=68|seed=2796880666480280477,False,,5222c37788a096d3910624247b4a1e76a3afcfe0df2ea7ddd6490cebc16a26a9,0.44666666666666677,0.7724517085114838,0.32578504184481705,16,0.0,1.0,0.44666666666666677,0.7724517085114838,1,1,0.32578504184481705,"{""energy"": 0.6666666666666667, ""water"": 0.2666666666666667, ""transport"": 0.33333333333333337}","{""energy"": 0.8763084030746952, ""water"": 0.40642782427201907, ""transport"": 1.0}","{""energy"": 0.2096417364080284, ""water"": 0.13976115760535235, ""transport"": 0.6666666666666666}","{""energy"": 0.0, ""water"": 0.0, ""transport"": 0.0}","{""energy"": 1.0, ""water"": 1.0, ""transport"": 1.0}","{""energy"": 1.0, ""water"": 1.0, ""transport"": 1.0}",0.3,0.1,,0.7724517085114838,,,"[""energy"", ""water""]",1,v1.0,0.7,0.3
S3_transport_load,69,69,13703029104163410303,scenario=S3_transport_load|method=both|duration=0|theta=0.300000|delta_threshold=0.100000|A=v1.0|w=na|run_id=69|seed=13703029104163410303,False,,5222c37788a096d3910624247b4a1e76a3afcfe0df2ea7ddd6490cebc16a26a9,0.44666666666666677,0.7850182006335129,0.33835153396684614,14,0.0,1.0,0.44666666666666677,0.7850182006335129,1,1,0.33835153396684614,"{""energy"": 0.6666666666666667, ""water"": 0.2666666666666667, ""transport"": 0.33333333333333337}","{""energy"": 0.8829223462968158, ""water"": 0.43949754038262184, ""transport"": 1.0}","{""energy"": 0.21625567963014902, ""water"": 0.17283087371595512, ""transport"": 0.6666666666666666}","{""energy"": 0.0, ""water"": 0.0, ""transport"": 0.0}","{""energy"": 1.0, ""water"": 1.0, ""transport"": 1.0}","{""energy"": 1.0, ""water"": 1.0, ""transport"": 1.0}",0.3,0.1,,0.7850182006335129,,,"[""energy"", ""water""]",1,v1.0,0.7,0.3
S3_transport_load,70,70,3458444422037962768,scenario=S3_transport_load|method=both|duration=0|theta=0.300000|delta_threshold=0.100000|A=v1.0|w=na|run_id=70|seed=3458444422037962768,False,,5222c37788a096d3910624247b4a1e76a3afcfe0df2ea7ddd6490cebc16a26a9,0.44666666666666677,0.7724517085114838,0.32578504184481705,13,0.0,1.0,0.44666666666666677,0.7724517085114838,1,1,0.32578504184481705,"{""energy"": 0.6666666666666667, ""water"": 0.2666666666666667, ""transport"": 0.33333333333333337}","{""energy"": 0.8763084030746952, ""water"": 0.40642782427201907, ""transport"": 1.0}","{""energy"": 0.2096417364080284, ""water"": 0.13976115760535235, ""transport"": 0.6666666666666666}","{""energy"": 0.0, ""water"": 0.0, ""transport"": 0.0}","{""energy"": 1.0, ""water"": 1.0, ""transport"": 1.0}","{""energy"": 1.0, ""water"": 1.0, ""transport"": 1.0}",0.3,0.1,,0.7724517085114838,,,"[""energy"", ""water""]",1,v1.0,0.7,0.3
S3_transport_load,71,71,9195586368077327883,scenario=S3_transport_load|method=both|duration=0|theta=0.300000|delta_threshold=0.100000|A=v1.0|w=na|run_id=71|seed=9195586368077327883,False,,5222c37788a096d3910624247b4a1e76a3afcfe0df2ea7ddd6490cebc16a26a9,0.44666666666666677,0.7724517085114838,0.32578504184481705,16,0.0,1.0,0.44666666666666677,0.7724517085114838,1,1,0.32578504184481705,"{""energy"": 0.6666666666666667, ""water"": 0.2666666666666667, ""transport"": 0.33333333333333337}","{""energy"": 0.8763084030746952, ""water"": 0.40642782427201907, ""transport"": 1.0}","{""energy"": 0.2096417364080284, ""water"": 0.13976115760535235, ""transport"": 0.6666666666666666}","{""energy"": 0.0, ""water"": 0.0, ""transport"": 0.0}","{""energy"": 1.0, ""water"": 1.0, ""transport"": 1.0}","{""energy"": 1.0, ""water"": 1.0, ""transport"": 1.0}",0.3,0.1,,0.7724517085114838,,,"[""energy"", ""water""]",1,v1.0,0.7,0.3
S3_transport_load,72,72,12431553931124822002,scenario=S3_transport_load|method=both|duration=0|theta=0.300000|delta_threshold=0.100000|A=v1.0|w=na|run_id=72|seed=12431553931124822002,False,,5222c37788a096d3910624247b4a1e76a3afcfe0df2ea7ddd6490cebc16a26a9,0.44666666666666677,0.7724517085114838,0.32578504184481705,9,0.0,1.0,0.44666666666666677,0.7724517085114838,1,1,0.32578504184481705,"{""energy"": 0.6666666666666667, ""water"": 0.2666666666666667, ""transport"": 0.33333333333333337}","{""energy"": 0.8763084030746952, ""water"": 0.40642782427201907, ""transport"": 1.0}","{""energy"": 0.2096417364080284, ""water"": 0.13976115760535235, ""transport"": 0.6666666666666666}","{""energy"": 0.0, ""water"": 0.0, ""transport"": 0.0}","{""energy"": 1.0, ""water"": 1.0, ""transport"": 1.0}","{""energy"": 1.0, ""water"": 1.0, ""transport"": 1.0}",0.3,0.1,,0.7724517085114838,,,"[""energy"", ""water""]",1,v1.0,0.7,0.3
S3_transport_load,73,73,14578681191090969637,scenario=S3_transport_load|method=both|duration=0|theta=0.300000|delta_threshold=0.100000|A=v1.0|w=na|run_id=73|seed=14578681191090969637,False,,5222c37788a096d3910624247b4a1e76a3afcfe0df2ea7ddd6490cebc16a26a9,0.44666666666666677,0.7724517085114838,0.32578504184481705,6,0.0,1.0,0.44666666666666677,0.7724517085114838,1,1,0.32578504184481705,"{""energy"": 0.6666666666666667, ""water"": 0.2666666666666667, ""transport"": 0.33333333333333337}","{""energy"": 0.8763084030746952, ""water"": 0.40642782427201907, ""transport"": 1.0}","{""energy"": 0.2096417364080284, ""water"": 0.13976115760535235, ""transport"": 0.6666666666666666}","{""energy"": 0.0, ""water"": 0.0, ""transport"": 0.0}","{""energy"": 1.0, ""water"": 1.0, ""transport"": 1.0}","{""energy"": 1.0, ""water"": 1.0, ""transport"": 1.0}",0.3,0.1,,0.7724517085114838,,,"[""energy"", ""water""]",1,v1.0,0.7,0.3
S3_transport_load,74,74,1244781795176152607,scenario=S3_transport_load|method=both|duration=0|theta=0.300000|delta_threshold=0.100000|A=v1.0|w=na|run_id=74|seed=1244781795176152607,False,,5222c37788a096d3910624247b4a1e76a3afcfe0df2ea7ddd6490cebc16a26a9,0.44666666666666677,0.7724517085114838,0.32578504184481705,12,0.0,1.0,0.44666666666666677,0.7724517085114838,1,1,0.32578504184481705,"{""energy"": 0.6666666666666667, ""water"": 0.2666666666666667, ""transport"": 0.33333333333333337}","{""energy"": 0.8763084030746952, ""water"": 0.40642782427201907, ""transport"": 1.0}","{""energy"": 0.2096417364080284, ""water"": 0.13976115760535235, ""transport"": 0.6666666666666666}","{""energy"": 0.0, ""water"": 0.0, ""transport"": 0.0}","{""energy"": 1.0, ""water"": 1.0, ""transport"": 1.0}","{""energy"": 1.0, ""water"": 1.0, ""transport"": 1.0}",0.3,0.1,,0.7724517085114838,,,"[""energy"", ""water""]",1,v1.0,0.7,0.3
S3_transport_load,75,75,5428470119931192713,scenario=S3_transport_load|method=both|duration=0|theta=0.300000|delta_threshold=0.100000|A=v1.0|w=na|run_id=75|seed=5428470119931192713,False,,5222c37788a096d3910624247b4a1e76a3afcfe0df2ea7ddd6490cebc16a26a9,0.44666666666666677,0.7888376945988242,0.3421710279321575,16,0.0,1.0,0.44666666666666677,0.7888376945988242,1,1,0.3421710279321575,"{""energy"": 0.6666666666666667, ""water"": 0.2666666666666667, ""transport"": 0.33333333333333337}","{""energy"": 0.9036183798869293, ""water"": 0.4246344754801751, ""transport"": 1.0}","{""energy"": 0.23695171322026254, ""water"": 0.15796780881350836, ""transport"": 0.6666666666666666}","{""energy"": 0.0, ""water"": 0.0, ""transport"": 0.0}","{""energy"": 1.0, ""water"": 1.0, ""transport"": 1.0}","{""energy"": 1.0, ""water"": 1.0, ""transport"": 1.0}",0.3,0.1,,0.7888376945988242,,,"[""energy"", ""water""]",1,v1.0,0.7,0.3
S3_transport_load,76,76,12320210584015313568,scenario=S3_transport_load|method=both|duration=0|theta=0.300000|delta_threshold=0.100000|A=v1.0|w=na|run_id=76|seed=12320210584015313568,False,,5222c37788a096d3910624247b4a1e76a3afcfe0df2ea7ddd6490cebc16a26a9,0.44666666666666677,0.7724517085114838,0.32578504184481705,22,0.0,1.0,0.44666666666666677,0.7724517085114838,1,1,0.32578504184481705,"{""energy"": 0.6666666666666667, ""water"": 0.2666666666666667, ""transport"": 0.33333333333333337}","{""energy"": 0.8763084030746952, ""water"": 0.40642782427201907, ""transport"": 1.0}","{""energy"": 0.2096417364080284, ""water"": 0.13976115760535235, ""transport"": 0.6666666666666666}","{""energy"": 0.0, ""water"": 0.0, ""transport"": 0.0}","{""energy"": 1.0, ""water"": 1.0, ""transport"": 1.0}","{""energy"": 1.0, ""water"": 1.0, ""transport"": 1.0}",0.3,0.1,,0.7724517085114838,,,"[""energy"", ""water""]",1,v1.0,0.7,0.3
S3_transport_load,77,77,9011100481232643931,scenario=S3_transport_load|method=both|duration=0|theta=0.300000|delta_threshold=0.100000|A=v1.0|w=na|run_id=77|seed=9011100481232643931,False,,5222c37788a096d3910624247b4a1e76a3afcfe0df2ea7ddd6490cebc16a26a9,0.44666666666666677,0.7724517085114838,0.32578504184481705,14,0.0,1.0,0.44666666666666677,0.7724517085114838,1,1,0.32578504184481705,"{""energy"": 0.6666666666666667, ""water"": 0.2666666666666667, ""transport"": 0.33333333333333337}","{""energy"": 0.8763084030746952, ""water"": 0.40642782427201907, ""transport"": 1.0}","{""energy"": 0.2096417364080284, ""water"": 0.13976115760535235, ""transport"": 0.6666666666666666}","{""energy"": 0.0, ""water"": 0.0, ""transport"": 0.0}","{""energy"": 1.0, ""water"": 1.0, ""transport"": 1.0}","{""energy"": 1.0, ""water"": 1.0, ""transport"": 1.0}",0.3,0.1,,0.7724517085114838,,,"[""energy"", ""water""]",1,v1.0,0.7,0.3
S3_transport_load,78,78,7132272864970580114,scenario=S3_transport_load|method=both|duration=0|theta=0.300000|delta_threshold=0.100000|A=v1.0|w=na|run_id=78|seed=7132272864970580114,False,,5222c37788a096d3910624247b4a1e76a3afcfe0df2ea7ddd6490cebc16a26a9,0.44666666666666677,0.8068536449257298,0.360186978259063,6,0.0,1.0,0.44666666666666677,0.8068536449257298,1,1,0.360186978259063,"{""energy"": 0.6666666666666667, ""water"": 0.2666666666666667, ""transport"": 0.33333333333333337}","{""energy"": 0.933644963765105, ""water"": 0.4446521980656256, ""transport"": 1.0}","{""energy"": 0.26697829709843823, ""water"": 0.1779855313989589, ""transport"": 0.6666666666666666}","{""energy"": 0.0, ""water"": 0.0, ""transport"": 0.0}","{""energy"": 1.0, ""water"": 1.0, ""transport"": 1.0}","{""energy"": 1.0, ""water"": 1.0, ""transport"": 1.0}",0.3,0.1,,0.8068536449257298,,,"[""energy"", ""water""]",1,v1.0,0.7,0.3
S3_transport_load,79,79,7570320247820597051,scenario=S3_transport_load|method=both|duration=0|theta=0.300000|delta_threshold=0.100000|A=v1.0|w=na|run_id=79|seed=7570320247820597051,False,,5222c37788a096d3910624247b4a1e76a3afcfe0df2ea7ddd6490cebc16a26a9,0.44666666666666677,0.7724517085114838,0.32578504184481705,5,0.0,1.0,0.44666666666666677,0.7724517085114838,1,1,0.32578504184481705,"{""energy"": 0.6666666666666667, ""water"": 0.2666666666666667, ""transport"": 0.33333333333333337}","{""energy"": 0.8763084030746952, ""water"": 0.40642782427201907, ""transport"": 1.0}","{""energy"": 0.2096417364080284, ""water"": 0.13976115760535235, ""transport"": 0.6666666666666666}","{""energy"": 0.0, ""water"": 0.0, ""transport"": 0.0}","{""energy"": 1.0, ""water"": 1.0, ""transport"": 1.0}","{""energy"": 1.0, ""water"": 1.0, ""transport"": 1.0}",0.3,0.1,,0.7724517085114838,,,"[""energy"", ""water""]",1,v1.0,0.7,0.3
S3_transport_load,80,80,6912133186202259221,scenario=S3_transport_load|method=both|duration=0|theta=0.300000|delta_threshold=0.100000|A=v1.0|w=na|run_id=80|seed=6912133186202259221,False,,5222c37788a096d3910624247b4a1e76a3afcfe0df2ea7ddd6490cebc16a26a9,0.44666666666666677,0.7987192373136742,0.35205257064700746,25,0.0,1.0,0.44666666666666677,0.7987192373136742,1,1,0.35205257064700746,"{""energy"": 0.6666666666666667, ""water"": 0.2666666666666667, ""transport"": 0.33333333333333337}","{""energy"": 0.8901334182337428, ""water"": 0.475552900067257, ""transport"": 1.0}","{""energy"": 0.22346675156707607, ""water"": 0.20888623340059026, ""transport"": 0.6666666666666666}","{""energy"": 0.0, ""water"": 0.0, ""transport"": 0.0}","{""energy"": 1.0, ""water"": 1.0, ""transport"": 1.0}","{""energy"": 1.0, ""water"": 1.0, ""transport"": 1.0}",0.3,0.1,,0.7987192373136742,,,"[""energy"", ""water""]",1,v1.0,0.7,0.3
S3_transport_load,81,81,7011206626025804733,scenario=S3_transport_load|method=both|duration=0|theta=0.300000|delta_threshold=0.100000|A=v1.0|w=na|run_id=81|seed=7011206626025804733,False,,5222c37788a096d3910624247b4a1e76a3afcfe0df2ea7ddd6490cebc16a26a9,0.44666666666666677,0.7724517085114838,0.32578504184481705,21,0.0,1.0,0.44666666666666677,0.7724517085114838,1,1,0.32578504184481705,"{""energy"": 0.6666666666666667, ""water"": 0.2666666666666667, ""transport"": 0.33333333333333337}","{""energy"": 0.8763084030746952, ""water"": 0.40642782427201907, ""transport"": 1.0}","{""energy"": 0.2096417364080284, ""water"": 0.13976115760535235, ""transport"": 0.6666666666666666}","{""energy"": 0.0, ""water"": 0.0, ""transport"": 0.0}","{""energy"": 1.0, ""water"": 1.0, ""transport"": 1.0}","{""energy"": 1.0, ""water"": 1.0, ""transport"": 1.0}",0.3,0.1,,0.7724517085114838,,,"[""energy"", ""water""]",1,v1.0,0.7,0.3
S3_transport_load,82,82,14293243736906690689,scenario=S3_transport_load|method=both|duration=0|theta=0.300000|delta_threshold=0.100000|A=v1.0|w=na|run_id=82|seed=14293243736906690689,False,,5222c37788a096d3910624247b4a1e76a3afcfe0df2ea7ddd6490cebc16a26a9,0.44666666666666677,0.8340149414394231,0.38734827477275635,22,0.0,1.0,0.44666666666666677,0.8340149414394231,1,1,0.38734827477275635,"{""energy"": 0.6666666666666667, ""water"": 0.2666666666666667, ""transport"": 0.33333333333333337}","{""energy"": 0.9412907798579107, ""water"": 0.5249954316541962, ""transport"": 1.0}","{""energy"": 0.2746241131912439, ""water"": 0.25832876498752944, ""transport"": 0.6666666666666666}","{""energy"": 0.0, ""water"": 0.0, ""transport"": 0.0}","{""energy"": 1.0, ""water"": 1.0, ""transport"": 1.0}","{""energy"": 1.0, ""water"": 1.0, ""transport"": 1.0}",0.3,0.1,,0.8340149414394231,,,"[""energy"", ""water""]",1,v1.0,0.7,0.3
S3_transport_load,83,83,3228965552339798957,scenario=S3_transport_load|method=both|duration=0|theta=0.300000|delta_threshold=0.100000|A=v1.0|w=na|run_id=83|seed=3228965552339798957,False,,5222c37788a096d3910624247b4a1e76a3afcfe0df2ea7ddd6490cebc16a26a9,0.44666666666666677,0.7724517085114838,0.32578504184481705,30,0.0,1.0,0.44666666666666677,0.7724517085114838,1,1,0.32578504184481705,"{""energy"": 0.6666666666666667, ""water"": 0.2666666666666667, ""transport"": 0.33333333333333337}","{""energy"": 0.8763084030746952, ""water"": 0.40642782427201907, ""transport"": 1.0}","{""energy"": 0.2096417364080284, ""water"": 0.13976115760535235, ""transport"": 0.6666666666666666}","{""energy"": 0.0, ""water"": 0.0, ""transport"": 0.0}","{""energy"": 1.0, ""water"": 1.0, ""transport"": 1.0}","{""energy"": 1.0, ""water"": 1.0, ""transport"": 1.0}",0.3,0.1,,0.7724517085114838,,,"[""energy"", ""water""]",1,v1.0,0.7,0.3
S3_transport_load,84,84,8489888865141892216,scenario=S3_transport_load|method=both|duration=0|theta=0.300000|delta_threshold=0.100000|A=v1.0|w=na|run_id=84|seed=8489888865141892216,False,,5222c37788a096d3910624247b4a1e76a3afcfe0df2ea7ddd6490cebc16a26a9,0.44666666666666677,0.7724517085114838,0.32578504184481705,26,0.0,1.0,0.44666666666666677,0.7724517085114838,1,1,0.32578504184481705,"{""energy"": 0.6666666666666667, ""water"": 0.2666666666666667, ""transport"": 0.33333333333333337}","{""energy"": 0.8763084030746952, ""water"": 0.40642782427201907, ""transport"": 1.0}","{""energy"": 0.2096417364080284, ""water"": 0.13976115760535235, ""transport"": 0.6666666666666666}","{""energy"": 0.0, ""water"": 0.0, ""transport"": 0.0}","{""energy"": 1.0, ""water"": 1.0, ""transport"": 1.0}","{""energy"": 1.0, ""water"": 1.0, ""transport"": 1.0}",0.3,0.1,,0.7724517085114838,,,"[""energy"", ""water""]",1,v1.0,0.7,0.3
S3_transport_load,85,85,6847496216321507292,scenario=S3_transport_load|method=both|duration=0|theta=0.300000|delta_threshold=0.100000|A=v1.0|w=na|run_id=85|seed=6847496216321507292,False,,5222c37788a096d3910624247b4a1e76a3afcfe0df2ea7ddd6490cebc16a26a9,0.44666666666666677,0.7724517085114838,0.32578504184481705,8,0.0,1.0,0.44666666666666677,0.7724517085114838,1,1,0.32578504184481705,"{""energy"": 0.6666666666666667, ""water"": 0.2666666666666667, ""transport"": 0.33333333333333337}","{""energy"": 0.8763084030746952, ""water"": 0.40642782427201907, ""transport"": 1.0}","{""energy"": 0.2096417364080284, ""water"": 0.13976115760535235, ""transport"": 0.6666666666666666}","{""energy"": 0.0, ""water"": 0.0, ""transport"": 0.0}","{""energy"": 1.0, ""water"": 1.0, ""transport"": 1.0}","{""energy"": 1.0, ""water"": 1.0, ""transport"": 1.0}",0.3,0.1,,0.7724517085114838,,,"[""energy"", ""water""]",1,v1.0,0.7,0.3
S3_transport_load,86,86,6853721116919065020,scenario=S3_transport_load|method=both|duration=0|theta=0.300000|delta_threshold=0.100000|A=v1.0|w=na|run_id=86|seed=6853721116919065020,False,,5222c37788a096d3910624247b4a1e76a3afcfe0df2ea7ddd6490cebc16a26a9,0.44666666666666677,0.7724517085114838,0.32578504184481705,29,0.0,1.0,0.44666666666666677,0.7724517085114838,1,1,0.32578504184481705,"{""energy"": 0.6666666666666667, ""water"": 0.2666666666666667, ""transport"": 0.33333333333333337}","{""energy"": 0.8763084030746952, ""water"": 0.40642782427201907, ""transport"": 1.0}","{""energy"": 0.2096417364080284, ""water"": 0.13976115760535235, ""transport"": 0.6666666666666666}","{""energy"": 0.0, ""water"": 0.0, ""transport"": 0.0}","{""energy"": 1.0, ""water"": 1.0, ""transport"": 1.0}","{""energy"": 1.0, ""water"": 1.0, ""transport"": 1.0}",0.3,0.1,,0.7724517085114838,,,"[""energy"", ""water""]",1,v1.0,0.7,0.3
S3_transport_load,87,87,10682380790361524332,scenario=S3_transport_load|method=both|duration=0|theta=0.300000|delta_threshold=0.100000|A=v1.0|w=na|run_id=87|seed=10682380790361524332,False,,5222c37788a096d3910624247b4a1e76a3afcfe0df2ea7ddd6490cebc16a26a9,0.44666666666666677,0.8057301970218742,0.35906353035520744,5,0.0,1.0,0.44666666666666677,0.8057301970218742,1,1,0.35906353035520744,"{""energy"": 0.6666666666666667, ""water"": 0.2666666666666667, ""transport"": 0.33333333333333337}","{""energy"": 0.9317725505920125, ""water"": 0.4434039226168972, ""transport"": 1.0}","{""energy"": 0.26510588392534573, ""water"": 0.1767372559502305, ""transport"": 0.6666666666666666}","{""energy"": 0.0, ""water"": 0.0, ""transport"": 0.0}","{""energy"": 1.0, ""water"": 1.0, ""transport"": 1.0}","{""energy"": 1.0, ""water"": 1.0, ""transport"": 1.0}",0.3,0.1,,0.8057301970218742,,,"[""energy"", ""water""]",1,v1.0,0.7,0.3
S3_transport_load,88,88,3634760778312322807,scenario=S3_transport_load|method=both|duration=0|theta=0.300000|delta_threshold=0.100000|A=v1.0|w=na|run_id=88|seed=3634760778312322807,False,,5222c37788a096d3910624247b4a1e76a3afcfe0df2ea7ddd6490cebc16a26a9,0.44666666666666677,0.8160631599702217,0.36939649330355495,27,0.0,1.0,0.44666666666666677,0.8160631599702217,1,1,0.36939649330355495,"{""energy"": 0.6666666666666667, ""water"": 0.2666666666666667, ""transport"": 0.33333333333333337}","{""energy"": 0.8992617985792941, ""water"": 0.5211948017950135, ""transport"": 1.0}","{""energy"": 0.23259513191262737, ""water"": 0.2545281351283468, ""transport"": 0.6666666666666666}","{""energy"": 0.0, ""water"": 0.0, ""transport"": 0.0}","{""energy"": 1.0, ""water"": 1.0, ""transport"": 1.0}","{""energy"": 1.0, ""water"": 1.0, ""transport"": 1.0}",0.3,0.1,,0.8160631599702217,,,"[""energy"", ""water""]",1,v1.0,0.7,0.3
S3_transport_load,89,89,15599441393092841948,scenario=S3_transport_load|method=both|duration=0|theta=0.300000|delta_threshold=0.100000|A=v1.0|w=na|run_id=89|seed=15599441393092841948,False,,5222c37788a096d3910624247b4a1e76a3afcfe0df2ea7ddd6490cebc16a26a9,0.44666666666666677,0.7724517085114838,0.32578504184481705,21,0.0,1.0,0.44666666666666677,0.7724517085114838,1,1,0.32578504184481705,"{""energy"": 0.6666666666666667, ""water"": 0.2666666666666667, ""transport"": 0.33333333333333337}","{""energy"": 0.8763084030746952, ""water"": 0.40642782427201907, ""transport"": 1.0}","{""energy"": 0.2096417364080284, ""water"": 0.13976115760535235, ""transport"": 0.6666666666666666}","{""energy"": 0.0, ""water"": 0.0, ""transport"": 0.0}","{""energy"": 1.0, ""water"": 1.0, ""transport"": 1.0}","{""energy"": 1.0, ""water"": 1.0, ""transport"": 1.0}",0.3,0.1,,0.7724517085114838,,,"[""energy"", ""water""]",1,v1.0,0.7,0.3
S3_transport_load,90,90,15793723896452033373,scenario=S3_transport_load|method=both|duration=0|theta=0.300000|delta_threshold=0.100000|A=v1.0|w=na|run_id=90|seed=15793723896452033373,False,,5222c37788a096d3910624247b4a1e76a3afcfe0df2ea7ddd6490cebc16a26a9,0.44666666666666677,0.7724517085114838,0.32578504184481705,16,0.0,1.0,0.44666666666666677,0.7724517085114838,1,1,0.32578504184481705,"{""energy"": 0.6666666666666667, ""water"": 0.2666666666666667, ""transport"": 0.33333333333333337}","{""energy"": 0.8763084030746952, ""water"": 0.40642782427201907, ""transport"": 1.0}","{""energy"": 0.2096417364080284, ""water"": 0.13976115760535235, ""transport"": 0.6666666666666666}","{""energy"": 0.0, ""water"": 0.0, ""transport"": 0.0}","{""energy"": 1.0, ""water"": 1.0, ""transport"": 1.0}","{""energy"": 1.0, ""water"": 1.0, ""transport"": 1.0}",0.3,0.1,,0.7724517085114838,,,"[""energy"", ""water""]",1,v1.0,0.7,0.3
S3_transport_load,91,91,9689721048339751950,scenario=S3_transport_load|method=both|duration=0|theta=0.300000|delta_threshold=0.100000|A=v1.0|w=na|run_id=91|seed=9689721048339751950,False,,5222c37788a096d3910624247b4a1e76a3afcfe0df2ea7ddd6490cebc16a26a9,0.44666666666666677,0.7724517085114838,0.32578504184481705,24,0.0,1.0,0.44666666666666677,0.7724517085114838,1,1,0.32578504184481705,"{""energy"": 0.6666666666666667, ""water"": 0.2666666666666667, ""transport"": 0.33333333333333337}","{""energy"": 0.8763084030746952, ""water"": 0.40642782427201907, ""transport"": 1.0}","{""energy"": 0.2096417364080284, ""water"": 0.13976115760535235, ""transport"": 0.6666666666666666}","{""energy"": 0.0, ""water"": 0.0, ""transport"": 0.0}","{""energy"": 1.0, ""water"": 1.0, ""transport"": 1.0}","{""energy"": 1.0, ""water"": 1.0, ""transport"": 1.0}",0.3,0.1,,0.7724517085114838,,,"[""energy"", ""water""]",1,v1.0,0.7,0.3
S3_transport_load,92,92,15764053567246779340,scenario=S3_transport_load|method=both|duration=0|theta=0.300000|delta_threshold=0.100000|A=v1.0|w=na|run_id=92|seed=15764053567246779340,False,,5222c37788a096d3910624247b4a1e76a3afcfe0df2ea7ddd6490cebc16a26a9,0.44666666666666677,0.7724517085114838,0.32578504184481705,29,0.0,1.0,0.44666666666666677,0.7724517085114838,1,1,0.32578504184481705,"{""energy"": 0.6666666666666667, ""water"": 0.2666666666666667, ""transport"": 0.33333333333333337}","{""energy"": 0.8763084030746952, ""water"": 0.40642782427201907, ""transport"": 1.0}","{""energy"": 0.2096417364080284, ""water"": 0.13976115760535235, ""transport"": 0.6666666666666666}","{""energy"": 0.0, ""water"": 0.0, ""transport"": 0.0}","{""energy"": 1.0, ""water"": 1.0, ""transport"": 1.0}","{""energy"": 1.0, ""water"": 1.0, ""transport"": 1.0}",0.3,0.1,,0.7724517085114838,,,"[""energy"", ""water""]",1,v1.0,0.7,0.3
S3_transport_load,93,93,6047789127205465359,scenario=S3_transport_load|method=both|duration=0|theta=0.300000|delta_threshold=0.100000|A=v1.0|w=na|run_id=93|seed=6047789127205465359,False,,5222c37788a096d3910624247b4a1e76a3afcfe0df2ea7ddd6490cebc16a26a9,0.44666666666666677,0.7724517085114838,0.32578504184481705,16,0.0,1.0,0.44666666666666677,0.7724517085114838,1,1,0.32578504184481705,"{""energy"": 0.6666666666666667, ""water"": 0.2666666666666667, ""transport"": 0.33333333333333337}","{""energy"": 0.8763084030746952, ""water"": 0.40642782427201907, ""transport"": 1.0}","{""energy"": 0.2096417364080284, ""water"": 0.13976115760535235, ""transport"": 0.6666666666666666}","{""energy"": 0.0, ""water"": 0.0, ""transport"": 0.0}","{""energy"": 1.0, ""water"": 1.0, ""transport"": 1.0}","{""energy"": 1.0, ""water"": 1.0, ""transport"": 1.0}",0.3,0.1,,0.7724517085114838,,,"[""energy"", ""water""]",1,v1.0,0.7,0.3
S3_transport_load,94,94,12950486580316299111,scenario=S3_transport_load|method=both|duration=0|theta=0.300000|delta_threshold=0.100000|A=v1.0|w=na|run_id=94|seed=12950486580316299111,False,,5222c37788a096d3910624247b4a1e76a3afcfe0df2ea7ddd6490cebc16a26a9,0.44666666666666677,0.7724517085114838,0.32578504184481705,5,0.0,1.0,0.44666666666666677,0.7724517085114838,1,1,0.32578504184481705,"{""energy"": 0.6666666666666667, ""water"": 0.2666666666666667, ""transport"": 0.33333333333333337}","{""energy"": 0.8763084030746952, ""water"": 0.40642782427201907, ""transport"": 1.0}","{""energy"": 0.2096417364080284, ""water"": 0.13976115760535235, ""transport"": 0.6666666666666666}","{""energy"": 0.0, ""water"": 0.0, ""transport"": 0.0}","{""energy"": 1.0, ""water"": 1.0, ""transport"": 1.0}","{""energy"": 1.0, ""water"": 1.0, ""transport"": 1.0}",0.3,0.1,,0.7724517085114838,,,"[""energy"", ""water""]",1,v1.0,0.7,0.3
S3_transport_load,95,95,4631728191499945232,scenario=S3_transport_load|method=both|duration=0|theta=0.300000|delta_threshold=0.100000|A=v1.0|w=na|run_id=95|seed=4631728191499945232,False,,5222c37788a096d3910624247b4a1e76a3afcfe0df2ea7ddd6490cebc16a26a9,0.44666666666666677,0.7724517085114838,0.32578504184481705,23,0.0,1.0,0.44666666666666677,0.7724517085114838,1,1,0.32578504184481705,"{""energy"": 0.6666666666666667, ""water"": 0.2666666666666667, ""transport"": 0.33333333333333337}","{""energy"": 0.8763084030746952, ""water"": 0.40642782427201907, ""transport"": 1.0}","{""energy"": 0.2096417364080284, ""water"": 0.13976115760535235, ""transport"": 0.6666666666666666}","{""energy"": 0.0, ""water"": 0.0, ""transport"": 0.0}","{""energy"": 1.0, ""water"": 1.0, ""transport"": 1.0}","{""energy"": 1.0, ""water"": 1.0, ""transport"": 1.0}",0.3,0.1,,0.7724517085114838,,,"[""energy"", ""water""]",1,v1.0,0.7,0.3
S3_transport_load,96,96,5029051501949555396,scenario=S3_transport_load|method=both|duration=0|theta=0.300000|delta_threshold=0.100000|A=v1.0|w=na|run_id=96|seed=5029051501949555396,False,,5222c37788a096d3910624247b4a1e76a3afcfe0df2ea7ddd6490cebc16a26a9,0.44666666666666677,0.7724517085114838,0.32578504184481705,16,0.0,1.0,0.44666666666666677,0.7724517085114838,1,1,0.32578504184481705,"{""energy"": 0.6666666666666667, ""water"": 0.2666666666666667, ""transport"": 0.33333333333333337}","{""energy"": 0.8763084030746952, ""water"": 0.40642782427201907, ""transport"": 1.0}","{""energy"": 0.2096417364080284, ""water"": 0.13976115760535235, ""transport"": 0.6666666666666666}","{""energy"": 0.0, ""water"": 0.0, ""transport"": 0.0}","{""energy"": 1.0, ""water"": 1.0, ""transport"": 1.0}","{""energy"": 1.0, ""water"": 1.0, ""transport"": 1.0}",0.3,0.1,,0.7724517085114838,,,"[""energy"", ""water""]",1,v1.0,0.7,0.3
S3_transport_load,97,97,5459606772682946712,scenario=S3_transport_load|method=both|duration=0|theta=0.300000|delta_threshold=0.100000|A=v1.0|w=na|run_id=97|seed=5459606772682946712,False,,5222c37788a096d3910624247b4a1e76a3afcfe0df2ea7ddd6490cebc16a26a9,0.44666666666666677,0.7724517085114838,0.32578504184481705,15,0.0,1.0,0.44666666666666677,0.7724517085114838,1,1,0.32578504184481705,"{""energy"": 0.6666666666666667, ""water"": 0.2666666666666667, ""transport"": 0.33333333333333337}","{""energy"": 0.8763084030746952, ""water"": 0.40642782427201907, ""transport"": 1.0}","{""energy"": 0.2096417364080284, ""water"": 0.13976115760535235, ""transport"": 0.6666666666666666}","{""energy"": 0.0, ""water"": 0.0, ""transport"": 0.0}","{""energy"": 1.0, ""water"": 1.0, ""transport"": 1.0}","{""energy"": 1.0, ""water"": 1.0, ""transport"": 1.0}",0.3,0.1,,0.7724517085114838,,,"[""energy"", ""water""]",1,v1.0,0.7,0.3
S3_transport_load,98,98,1496592330219819879,scenario=S3_transport_load|method=both|duration=0|theta=0.300000|delta_threshold=0.100000|A=v1.0|w=na|run_id=98|seed=1496592330219819879,False,,5222c37788a096d3910624247b4a1e76a3afcfe0df2ea7ddd6490cebc16a26a9,0.44666666666666677,0.7852793683071513,0.3386127016404845,27,0.0,1.0,0.44666666666666677,0.7852793683071513,1,1,0.3386127016404845,"{""energy"": 0.6666666666666667, ""water"": 0.2666666666666667, ""transport"": 0.33333333333333337}","{""energy"": 0.8976878360674745, ""water"": 0.42068077960053857, ""transport"": 1.0}","{""energy"": 0.23102116940080775, ""water"": 0.15401411293387185, ""transport"": 0.6666666666666666}","{""energy"": 0.0, ""water"": 0.0, ""transport"": 0.0}","{""energy"": 1.0, ""water"": 1.0, ""transport"": 1.0}","{""energy"": 1.0, ""water"": 1.0, ""transport"": 1.0}",0.3,0.1,,0.7852793683071513,,,"[""energy"", ""water""]",1,v1.0,0.7,0.3
S3_transport_load,99,99,11276710964437414624,scenario=S3_transport_load|method=both|duration=0|theta=0.300000|delta_threshold=0.100000|A=v1.0|w=na|run_id=99|seed=11276710964437414624,False,,5222c37788a096d3910624247b4a1e76a3afcfe0df2ea7ddd6490cebc16a26a9,0.44666666666666677,0.7724517085114838,0.32578504184481705,19,0.0,1.0,0.44666666666666677,0.7724517085114838,1,1,0.32578504184481705,"{""energy"": 0.6666666666666667, ""water"": 0.2666666666666667, ""transport"": 0.33333333333333337}","{""energy"": 0.8763084030746952, ""water"": 0.40642782427201907, ""transport"": 1.0}","{""energy"": 0.2096417364080284, ""water"": 0.13976115760535235, ""transport"": 0.6666666666666666}","{""energy"": 0.0, ""water"": 0.0, ""transport"": 0.0}","{""energy"": 1.0, ""water"": 1.0, ""transport"": 1.0}","{""energy"": 1.0, ""water"": 1.0, ""transport"": 1.0}",0.3,0.1,,0.7724517085114838,,,"[""energy"", ""water""]",1,v1.0,0.7,0.3
S3_transport_load,100,100,17969905077286119396,scenario=S3_transport_load|method=both|duration=0|theta=0.300000|delta_threshold=0.100000|A=v1.0|w=na|run_id=100|seed=17969905077286119396,False,,5222c37788a096d3910624247b4a1e76a3afcfe0df2ea7ddd6490cebc16a26a9,0.44666666666666677,0.7724517085114838,0.32578504184481705,23,0.0,1.0,0.44666666666666677,0.7724517085114838,1,1,0.32578504184481705,"{""energy"": 0.6666666666666667, ""water"": 0.2666666666666667, ""transport"": 0.33333333333333337}","{""energy"": 0.8763084030746952, ""water"": 0.40642782427201907, ""transport"": 1.0}","{""energy"": 0.2096417364080284, ""water"": 0.13976115760535235, ""transport"": 0.6666666666666666}","{""energy"": 0.0, ""water"": 0.0, ""transport"": 0.0}","{""energy"": 1.0, ""water"": 1.0, ""transport"": 1.0}","{""energy"": 1.0, ""water"": 1.0, ""transport"": 1.0}",0.3,0.1,,0.7724517085114838,,,"[""energy"", ""water""]",1,v1.0,0.7,0.3
