scenario_id,run_id,run,seed,cache_key,cache_hit,randomized_params,x0_hash,before,after,delta,duration,method_cl_total_before,method_cl_total_after,method_q_total_before,method_q_total_after,I_cl,I_q,delta_R,before_vec_q,after_vec_q,delta_vec_q,before_vec_cl,after_vec_cl,delta_vec_cl,theta_classical,delta_sector_threshold,peak_after_q,final_after_recovery_q,recovery_trajectory_q,cl_activated_sectors,cl_first_activation_step,matrix_version,theta_bin,theta_cascade
S3_transport_load,1,1,8890827646628305625,scenario=S3_transport_load|method=both|duration=0|theta=0.300000|delta_threshold=0.100000|A=v1.0|w=na|run_id=1|seed=8890827646628305625,False,"{""step_1_amount"": 0.1439281066012628}",5222c37788a096d3910624247b4a1e76a3afcfe0df2ea7ddd6490cebc16a26a9,0.44666666666666677,0.7857084079119776,0.33904174124531083,21,0.0,1.0,0.44666666666666677,0.7857084079119776,1,1,0.33904174124531083,"{""energy"": 0.6666666666666667, ""water"": 0.2666666666666667, ""transport"": 0.33333333333333337}","{""energy"": 0.8984029020755181, ""water"": 0.42115749027256766, ""transport"": 1.0}","{""energy"": 0.23173623540885135, ""water"": 0.15449082360590094, ""transport"": 0.6666666666666666}","{""energy"": 0.0, ""water"": 0.0, ""transport"": 0.0}","{""energy"": 1.0, ""water"": 1.0, ""transport"": 1.0}","{""energy"": 1.0, ""water"": 1.0, ""transport"": 1.0}",0.3,0.1,0.7857084079119776,,,"[""energy"", ""water""]",1,v1.0,0.7,0.3
S3_transport_load,2,2,15064064706037321761,scenario=S3_transport_load|method=both|duration=0|theta=0.300000|delta_threshold=0.100000|A=v1.0|w=na|run_id=2|seed=15064064706037321761,False,"{""step_1_amount"": 0.3560590247206226}",5222c37788a096d3910624247b4a1e76a3afcfe0df2ea7ddd6490cebc16a26a9,0.44666666666666677,0.8220455542710545,0.37537888760438776,21,0.0,1.0,0.44666666666666677,0.8220455542710545,1,1,0.37537888760438776,"{""energy"": 0.6666666666666667, ""water"": 0.2666666666666667, ""transport"": 0.33333333333333337}","{""energy"": 0.9589648126739796, ""water"": 0.4615320973382086, ""transport"": 1.0}","{""energy"": 0.29229814600731285, ""water"": 0.19486543067154188, ""transport"": 0.6666666666666666}","{""energy"": 0.0, ""water"": 0.0, ""transport"": 0.0}","{""energy"": 1.0, ""water"": 1.0, ""transport"": 1.0}","{""energy"": 1.0, ""water"": 1.0, ""transport"": 1.0}",0.3,0.1,0.8220455542710545,,,"[""energy"", ""water""]",1,v1.0,0.7,0.3
S3_transport_load,3,3,5736000442184912993,scenario=S3_transport_load|method=both|duration=0|theta=0.300000|delta_threshold=0.100000|A=v1.0|w=na|run_id=3|seed=5736000442184912993,False,"{""step_1_amount"": 0.5597867527953211}",5222c37788a096d3910624247b4a1e76a3afcfe0df2ea7ddd6490cebc16a26a9,0.44666666666666677,0.8260982211164252,0.3794315544497584,8,0.0,1.0,0.44666666666666677,0.8260982211164252,1,1,0.3794315544497584,"{""energy"": 0.6666666666666667, ""water"": 0.2666666666666667, ""transport"": 0.33333333333333337}","{""energy"": 0.9657192574162643, ""water"": 0.46603506049973176, ""transport"": 1.0}","{""energy"": 0.29905259074959756, ""water"": 0.19936839383306504, ""transport"": 0.6666666666666666}","{""energy"": 0.0, ""water"": 0.0, ""transport"": 0.0}","{""energy"": 1.0, ""water"": 1.0, ""transport"": 1.0}","{""energy"": 1.0, ""water"": 1.0, ""transport"": 1.0}",0.3,0.1,0.8260982211164252,,,"[""energy"", ""water""]",1,v1.0,0.7,0.3
S3_transport_load,4,4,7352399632207347592,scenario=S3_transport_load|method=both|duration=0|theta=0.300000|delta_threshold=0.100000|A=v1.0|w=na|run_id=4|seed=7352399632207347592,False,"{""step_1_amount"": 0.26397055822091214}",5222c37788a096d3910624247b4a1e76a3afcfe0df2ea7ddd6490cebc16a26a9,0.44666666666666677,0.8147512734759361,0.36808460680926935,17,0.0,1.0,0.44666666666666677,0.8147512734759361,1,1,0.36808460680926935,"{""energy"": 0.6666666666666667, ""water"": 0.2666666666666667, ""transport"": 0.33333333333333337}","{""energy"": 0.946807678015449, ""water"": 0.45342734089918824, ""transport"": 1.0}","{""energy"": 0.2801410113487822, ""water"": 0.18676067423252152, ""transport"": 0.6666666666666666}","{""energy"": 0.0, ""water"": 0.0, ""transport"": 0.0}","{""energy"": 1.0, ""water"": 1.0, ""transport"": 1.0}","{""energy"": 1.0, ""water"": 1.0, ""transport"": 1.0}",0.3,0.1,0.8147512734759361,,,"[""energy"", ""water""]",1,v1.0,0.7,0.3
S3_transport_load,5,5,16687246383841892249,scenario=S3_transport_load|method=both|duration=0|theta=0.300000|delta_threshold=0.100000|A=v1.0|w=na|run_id=5|seed=16687246383841892249,False,"{""step_1_amount"": 0.2405924676819306}",5222c37788a096d3910624247b4a1e76a3afcfe0df2ea7ddd6490cebc16a26a9,0.44666666666666677,0.8115122583225776,0.3648455916559108,20,0.0,1.0,0.44666666666666677,0.8115122583225776,1,1,0.3648455916559108,"{""energy"": 0.6666666666666667, ""water"": 0.2666666666666667, ""transport"": 0.33333333333333337}","{""energy"": 0.9414093194265182, ""water"": 0.44982843517323434, ""transport"": 1.0}","{""energy"": 0.27474265275985144, ""water"": 0.18316176850656762, ""transport"": 0.6666666666666666}","{""energy"": 0.0, ""water"": 0.0, ""transport"": 0.0}","{""energy"": 1.0, ""water"": 1.0, ""transport"": 1.0}","{""energy"": 1.0, ""water"": 1.0, ""transport"": 1.0}",0.3,0.1,0.8115122583225776,,,"[""energy"", ""water""]",1,v1.0,0.7,0.3
S3_transport_load,6,6,5722309517077894813,scenario=S3_transport_load|method=both|duration=0|theta=0.300000|delta_threshold=0.100000|A=v1.0|w=na|run_id=6|seed=5722309517077894813,False,"{""step_1_amount"": 0.19074359867760582}",5222c37788a096d3910624247b4a1e76a3afcfe0df2ea7ddd6490cebc16a26a9,0.44666666666666677,0.8013611431329717,0.3546944764663049,16,0.0,1.0,0.44666666666666677,0.8013611431329717,1,1,0.3546944764663049,"{""energy"": 0.6666666666666667, ""water"": 0.2666666666666667, ""transport"": 0.33333333333333337}","{""energy"": 0.9244907941105085, ""water"": 0.43854941829589456, ""transport"": 1.0}","{""energy"": 0.25782412744384176, ""water"": 0.17188275162922784, ""transport"": 0.6666666666666666}","{""energy"": 0.0, ""water"": 0.0, ""transport"": 0.0}","{""energy"": 1.0, ""water"": 1.0, ""transport"": 1.0}","{""energy"": 1.0, ""water"": 1.0, ""transport"": 1.0}",0.3,0.1,0.8013611431329717,,,"[""energy"", ""water""]",1,v1.0,0.7,0.3
S3_transport_load,7,7,14093114895253656616,scenario=S3_transport_load|method=both|duration=0|theta=0.300000|delta_threshold=0.100000|A=v1.0|w=na|run_id=7|seed=14093114895253656616,False,"{""step_1_amount"": 0.2637174158530667}",5222c37788a096d3910624247b4a1e76a3afcfe0df2ea7ddd6490cebc16a26a9,0.44666666666666677,0.8147202083447274,0.3680535416780606,15,0.0,1.0,0.44666666666666677,0.8147202083447274,1,1,0.3680535416780606,"{""energy"": 0.6666666666666667, ""water"": 0.2666666666666667, ""transport"": 0.33333333333333337}","{""energy"": 0.9467559027967678, ""water"": 0.4533928240867341, ""transport"": 1.0}","{""energy"": 0.28008923613010106, ""water"": 0.18672615742006737, ""transport"": 0.6666666666666666}","{""energy"": 0.0, ""water"": 0.0, ""transport"": 0.0}","{""energy"": 1.0, ""water"": 1.0, ""transport"": 1.0}","{""energy"": 1.0, ""water"": 1.0, ""transport"": 1.0}",0.3,0.1,0.8147202083447274,,,"[""energy"", ""water""]",1,v1.0,0.7,0.3
S3_transport_load,8,8,7099181496046430618,scenario=S3_transport_load|method=both|duration=0|theta=0.300000|delta_threshold=0.100000|A=v1.0|w=na|run_id=8|seed=7099181496046430618,False,"{""step_1_amount"": 0.4202012623992552}",5222c37788a096d3910624247b4a1e76a3afcfe0df2ea7ddd6490cebc16a26a9,0.44666666666666677,0.8648179664510312,0.4181512997843644,16,0.0,1.0,0.44666666666666677,0.8648179664510312,1,1,0.4181512997843644,"{""energy"": 0.6666666666666667, ""water"": 0.2666666666666667, ""transport"": 0.33333333333333337}","{""energy"": 0.9765268472514355, ""water"": 0.5806907585015233, ""transport"": 1.0}","{""energy"": 0.3098601805847687, ""water"": 0.3140240918348566, ""transport"": 0.6666666666666666}","{""energy"": 0.0, ""water"": 0.0, ""transport"": 0.0}","{""energy"": 1.0, ""water"": 1.0, ""transport"": 1.0}","{""energy"": 1.0, ""water"": 1.0, ""transport"": 1.0}",0.3,0.1,0.8648179664510312,,,"[""energy"", ""water""]",1,v1.0,0.7,0.3
S3_transport_load,9,9,16933441105734861115,scenario=S3_transport_load|method=both|duration=0|theta=0.300000|delta_threshold=0.100000|A=v1.0|w=na|run_id=9|seed=16933441105734861115,False,"{""step_1_amount"": 0.19275014990444037}",5222c37788a096d3910624247b4a1e76a3afcfe0df2ea7ddd6490cebc16a26a9,0.44666666666666677,0.8018780664011358,0.355211399734469,8,0.0,1.0,0.44666666666666677,0.8018780664011358,1,1,0.355211399734469,"{""energy"": 0.6666666666666667, ""water"": 0.2666666666666667, ""transport"": 0.33333333333333337}","{""energy"": 0.925352332890782, ""water"": 0.43912377748274356, ""transport"": 1.0}","{""energy"": 0.25868566622411526, ""water"": 0.17245711081607684, ""transport"": 0.6666666666666666}","{""energy"": 0.0, ""water"": 0.0, ""transport"": 0.0}","{""energy"": 1.0, ""water"": 1.0, ""transport"": 1.0}","{""energy"": 1.0, ""water"": 1.0, ""transport"": 1.0}",0.3,0.1,0.8018780664011358,,,"[""energy"", ""water""]",1,v1.0,0.7,0.3
S3_transport_load,10,10,13585426720487505899,scenario=S3_transport_load|method=both|duration=0|theta=0.300000|delta_threshold=0.100000|A=v1.0|w=na|run_id=10|seed=13585426720487505899,False,"{""step_1_amount"": 0.3165079630238269}",5222c37788a096d3910624247b4a1e76a3afcfe0df2ea7ddd6490cebc16a26a9,0.44666666666666677,0.8197256630693812,0.37305899640271445,11,0.0,1.0,0.44666666666666677,0.8197256630693812,1,1,0.37305899640271445,"{""energy"": 0.6666666666666667, ""water"": 0.2666666666666667, ""transport"": 0.33333333333333337}","{""energy"": 0.9550983273378577, ""water"": 0.4589544404474607, ""transport"": 1.0}","{""energy"": 0.28843166067119097, ""water"": 0.19228777378079398, ""transport"": 0.6666666666666666}","{""energy"": 0.0, ""water"": 0.0, ""transport"": 0.0}","{""energy"": 1.0, ""water"": 1.0, ""transport"": 1.0}","{""energy"": 1.0, ""water"": 1.0, ""transport"": 1.0}",0.3,0.1,0.8197256630693812,,,"[""energy"", ""water""]",1,v1.0,0.7,0.3
S3_transport_load,11,11,15366264700698212262,scenario=S3_transport_load|method=both|duration=0|theta=0.300000|delta_threshold=0.100000|A=v1.0|w=na|run_id=11|seed=15366264700698212262,False,"{""step_1_amount"": 0.3192040926916382}",5222c37788a096d3910624247b4a1e76a3afcfe0df2ea7ddd6490cebc16a26a9,0.44666666666666677,0.8199155038769763,0.37324883721030955,8,0.0,1.0,0.44666666666666677,0.8199155038769763,1,1,0.37324883721030955,"{""energy"": 0.6666666666666667, ""water"": 0.2666666666666667, ""transport"": 0.33333333333333337}","{""energy"": 0.9554147286838495, ""water"": 0.4591653746781219, ""transport"": 1.0}","{""energy"": 0.2887480620171827, ""water"": 0.1924987080114552, ""transport"": 0.6666666666666666}","{""energy"": 0.0, ""water"": 0.0, ""transport"": 0.0}","{""energy"": 1.0, ""water"": 1.0, ""transport"": 1.0}","{""energy"": 1.0, ""water"": 1.0, ""transport"": 1.0}",0.3,0.1,0.8199155038769763,,,"[""energy"", ""water""]",1,v1.0,0.7,0.3
S3_transport_load,12,12,6256907488579367365,scenario=S3_transport_load|method=both|duration=0|theta=0.300000|delta_threshold=0.100000|A=v1.0|w=na|run_id=12|seed=6256907488579367365,False,"{""step_1_amount"": 0.2271714468206897}",5222c37788a096d3910624247b4a1e76a3afcfe0df2ea7ddd6490cebc16a26a9,0.44666666666666677,0.8092689972545892,0.36260233058792246,24,0.0,1.0,0.44666666666666677,0.8092689972545892,1,1,0.36260233058792246,"{""energy"": 0.6666666666666667, ""water"": 0.2666666666666667, ""transport"": 0.33333333333333337}","{""energy"": 0.9376705509798708, ""water"": 0.4473359228754694, ""transport"": 1.0}","{""energy"": 0.2710038843132041, ""water"": 0.1806692562088027, ""transport"": 0.6666666666666666}","{""energy"": 0.0, ""water"": 0.0, ""transport"": 0.0}","{""energy"": 1.0, ""water"": 1.0, ""transport"": 1.0}","{""energy"": 1.0, ""water"": 1.0, ""transport"": 1.0}",0.3,0.1,0.8092689972545892,,,"[""energy"", ""water""]",1,v1.0,0.7,0.3
S3_transport_load,13,13,5724359574337817711,scenario=S3_transport_load|method=both|duration=0|theta=0.300000|delta_threshold=0.100000|A=v1.0|w=na|run_id=13|seed=5724359574337817711,False,"{""step_1_amount"": 0.467837433924248}",5222c37788a096d3910624247b4a1e76a3afcfe0df2ea7ddd6490cebc16a26a9,0.44666666666666677,0.8252030439513696,0.3785363772847028,11,0.0,1.0,0.44666666666666677,0.8252030439513696,1,1,0.3785363772847028,"{""energy"": 0.6666666666666667, ""water"": 0.2666666666666667, ""transport"": 0.33333333333333337}","{""energy"": 0.9642272954745048, ""water"": 0.4650404192052255, ""transport"": 1.0}","{""energy"": 0.29756062880783807, ""water"": 0.19837375253855877, ""transport"": 0.6666666666666666}","{""energy"": 0.0, ""water"": 0.0, ""transport"": 0.0}","{""energy"": 1.0, ""water"": 1.0, ""transport"": 1.0}","{""energy"": 1.0, ""water"": 1.0, ""transport"": 1.0}",0.3,0.1,0.8252030439513696,,,"[""energy"", ""water""]",1,v1.0,0.7,0.3
S3_transport_load,14,14,16009105258324448555,scenario=S3_transport_load|method=both|duration=0|theta=0.300000|delta_threshold=0.100000|A=v1.0|w=na|run_id=14|seed=16009105258324448555,False,"{""step_1_amount"": 0.30499500111737915}",5222c37788a096d3910624247b4a1e76a3afcfe0df2ea7ddd6490cebc16a26a9,0.44666666666666677,0.8188530697436276,0.3721864030769608,28,0.0,1.0,0.44666666666666677,0.8188530697436276,1,1,0.3721864030769608,"{""energy"": 0.6666666666666667, ""water"": 0.2666666666666667, ""transport"": 0.33333333333333337}","{""energy"": 0.9536440051282682, ""water"": 0.4579848923077343, ""transport"": 1.0}","{""energy"": 0.28697733846160145, ""water"": 0.1913182256410676, ""transport"": 0.6666666666666666}","{""energy"": 0.0, ""water"": 0.0, ""transport"": 0.0}","{""energy"": 1.0, ""water"": 1.0, ""transport"": 1.0}","{""energy"": 1.0, ""water"": 1.0, ""transport"": 1.0}",0.3,0.1,0.8188530697436276,,,"[""energy"", ""water""]",1,v1.0,0.7,0.3
S3_transport_load,15,15,13361959329272287971,scenario=S3_transport_load|method=both|duration=0|theta=0.300000|delta_threshold=0.100000|A=v1.0|w=na|run_id=15|seed=13361959329272287971,False,"{""step_1_amount"": 0.38126828786307737}",5222c37788a096d3910624247b4a1e76a3afcfe0df2ea7ddd6490cebc16a26a9,0.44666666666666677,0.8177049943559112,0.3710383276892444,25,0.0,1.0,0.44666666666666677,0.8177049943559112,1,1,0.3710383276892444,"{""energy"": 0.6666666666666667, ""water"": 0.2666666666666667, ""transport"": 0.33333333333333337}","{""energy"": 0.9517305461487406, ""water"": 0.4567092529880493, ""transport"": 1.0}","{""energy"": 0.2850638794820739, ""water"": 0.1900425863213826, ""transport"": 0.6666666666666666}","{""energy"": 0.0, ""water"": 0.0, ""transport"": 0.0}","{""energy"": 1.0, ""water"": 1.0, ""transport"": 1.0}","{""energy"": 1.0, ""water"": 1.0, ""transport"": 1.0}",0.3,0.1,0.8177049943559112,,,"[""energy"", ""water""]",1,v1.0,0.7,0.3
S3_transport_load,16,16,8417414299755024503,scenario=S3_transport_load|method=both|duration=0|theta=0.300000|delta_threshold=0.100000|A=v1.0|w=na|run_id=16|seed=8417414299755024503,False,"{""step_1_amount"": 0.49573213367593866}",5222c37788a096d3910624247b4a1e76a3afcfe0df2ea7ddd6490cebc16a26a9,0.44666666666666677,0.8255681093787599,0.37890144271209314,8,0.0,1.0,0.44666666666666677,0.8255681093787599,1,1,0.37890144271209314,"{""energy"": 0.6666666666666667, ""water"": 0.2666666666666667, ""transport"": 0.33333333333333337}","{""energy"": 0.9648357378534886, ""water"": 0.4654460474578813, ""transport"": 1.0}","{""energy"": 0.2981690711868219, ""water"": 0.1987793807912146, ""transport"": 0.6666666666666666}","{""energy"": 0.0, ""water"": 0.0, ""transport"": 0.0}","{""energy"": 1.0, ""water"": 1.0, ""transport"": 1.0}","{""energy"": 1.0, ""water"": 1.0, ""transport"": 1.0}",0.3,0.1,0.8255681093787599,,,"[""energy"", ""water""]",1,v1.0,0.7,0.3
S3_transport_load,17,17,3036334066948276230,scenario=S3_transport_load|method=both|duration=0|theta=0.300000|delta_threshold=0.100000|A=v1.0|w=na|run_id=17|seed=3036334066948276230,False,"{""step_1_amount"": 0.631352799729482}",5222c37788a096d3910624247b4a1e76a3afcfe0df2ea7ddd6490cebc16a26a9,0.44666666666666677,0.8263943957413666,0.37972772907469987,5,0.0,1.0,0.44666666666666677,0.8263943957413666,1,1,0.37972772907469987,"{""energy"": 0.6666666666666667, ""water"": 0.2666666666666667, ""transport"": 0.33333333333333337}","{""energy"": 0.9662128817911666, ""water"": 0.46636414341633337, ""transport"": 1.0}","{""energy"": 0.29954621512449986, ""water"": 0.19969747674966665, ""transport"": 0.6666666666666666}","{""energy"": 0.0, ""water"": 0.0, ""transport"": 0.0}","{""energy"": 1.0, ""water"": 1.0, ""transport"": 1.0}","{""energy"": 1.0, ""water"": 1.0, ""transport"": 1.0}",0.3,0.1,0.8263943957413666,,,"[""energy"", ""water""]",1,v1.0,0.7,0.3
S3_transport_load,18,18,7150244649693364022,scenario=S3_transport_load|method=both|duration=0|theta=0.300000|delta_threshold=0.100000|A=v1.0|w=na|run_id=18|seed=7150244649693364022,False,"{""step_1_amount"": 0.19021886645834252}",5222c37788a096d3910624247b4a1e76a3afcfe0df2ea7ddd6490cebc16a26a9,0.44666666666666677,0.8071018333394995,0.3604351666728327,29,0.0,1.0,0.44666666666666677,0.8071018333394995,1,1,0.3604351666728327,"{""energy"": 0.6666666666666667, ""water"": 0.2666666666666667, ""transport"": 0.33333333333333337}","{""energy"": 0.9340586111213881, ""water"": 0.4449279629698143, ""transport"": 1.0}","{""energy"": 0.26739194445472136, ""water"": 0.17826129630314758, ""transport"": 0.6666666666666666}","{""energy"": 0.0, ""water"": 0.0, ""transport"": 0.0}","{""energy"": 1.0, ""water"": 1.0, ""transport"": 1.0}","{""energy"": 1.0, ""water"": 1.0, ""transport"": 1.0}",0.3,0.1,0.8071018333394995,,,"[""energy"", ""water""]",1,v1.0,0.7,0.3
S3_transport_load,19,19,9401572442365823527,scenario=S3_transport_load|method=both|duration=0|theta=0.300000|delta_threshold=0.100000|A=v1.0|w=na|run_id=19|seed=9401572442365823527,False,"{""step_1_amount"": 0.1128652352757583}",5222c37788a096d3910624247b4a1e76a3afcfe0df2ea7ddd6490cebc16a26a9,0.44666666666666677,0.7702898913658899,0.3236232246992231,16,0.0,0.0,0.44666666666666677,0.7702898913658899,0,1,0.3236232246992231,"{""energy"": 0.6666666666666667, ""water"": 0.2666666666666667, ""transport"": 0.33333333333333337}","{""energy"": 0.8727053744987053, ""water"": 0.4040258052213591, ""transport"": 1.0}","{""energy"": 0.2060387078320386, ""water"": 0.1373591385546924, ""transport"": 0.6666666666666666}","{""energy"": 0.0, ""water"": 0.0, ""transport"": 0.0}","{""energy"": 0.0, ""water"": 0.0, ""transport"": 0.0}","{""energy"": 0.0, ""water"": 0.0, ""transport"": 0.0}",0.3,0.1,0.7702898913658899,,,[],,v1.0,0.7,0.3
S3_transport_load,20,20,4504664692610417991,scenario=S3_transport_load|method=both|duration=0|theta=0.300000|delta_threshold=0.100000|A=v1.0|w=na|run_id=20|seed=4504664692610417991,False,"{""step_1_amount"": 0.3244977238522242}",5222c37788a096d3910624247b4a1e76a3afcfe0df2ea7ddd6490cebc16a26a9,0.44666666666666677,0.8202732681417277,0.373606601475061,7,0.0,1.0,0.44666666666666677,0.8202732681417277,1,1,0.373606601475061,"{""energy"": 0.6666666666666667, ""water"": 0.2666666666666667, ""transport"": 0.33333333333333337}","{""energy"": 0.956011002458435, ""water"": 0.4595628905278456, ""transport"": 1.0}","{""energy"": 0.2893443357917682, ""water"": 0.19289622386117888, ""transport"": 0.6666666666666666}","{""energy"": 0.0, ""water"": 0.0, ""transport"": 0.0}","{""energy"": 1.0, ""water"": 1.0, ""transport"": 1.0}","{""energy"": 1.0, ""water"": 1.0, ""transport"": 1.0}",0.3,0.1,0.8202732681417277,,,"[""energy"", ""water""]",1,v1.0,0.7,0.3
S3_transport_load,21,21,13451080246356810447,scenario=S3_transport_load|method=both|duration=0|theta=0.300000|delta_threshold=0.100000|A=v1.0|w=na|run_id=21|seed=13451080246356810447,False,"{""step_1_amount"": 0.6817447071772479}",5222c37788a096d3910624247b4a1e76a3afcfe0df2ea7ddd6490cebc16a26a9,0.44666666666666677,0.8265045233107111,0.37983785664404435,9,0.0,1.0,0.44666666666666677,0.8265045233107111,1,1,0.37983785664404435,"{""energy"": 0.6666666666666667, ""water"": 0.2666666666666667, ""transport"": 0.33333333333333337}","{""energy"": 0.9663964277400741, ""water"": 0.46648650738227165, ""transport"": 1.0}","{""energy"": 0.2997297610734073, ""water"": 0.19981984071560493, ""transport"": 0.6666666666666666}","{""energy"": 0.0, ""water"": 0.0, ""transport"": 0.0}","{""energy"": 1.0, ""water"": 1.0, ""transport"": 1.0}","{""energy"": 1.0, ""water"": 1.0, ""transport"": 1.0}",0.3,0.1,0.8265045233107111,,,"[""energy"", ""water""]",1,v1.0,0.7,0.3
S3_transport_load,22,22,175124498767938981,scenario=S3_transport_load|method=both|duration=0|theta=0.300000|delta_threshold=0.100000|A=v1.0|w=na|run_id=22|seed=175124498767938981,False,"{""step_1_amount"": 0.23234209393146288}",5222c37788a096d3910624247b4a1e76a3afcfe0df2ea7ddd6490cebc16a26a9,0.44666666666666677,0.8101700970615731,0.3635034303949063,30,0.0,1.0,0.44666666666666677,0.8101700970615731,1,1,0.3635034303949063,"{""energy"": 0.6666666666666667, ""water"": 0.2666666666666667, ""transport"": 0.33333333333333337}","{""energy"": 0.9391723839915107, ""water"": 0.4483371448832294, ""transport"": 1.0}","{""energy"": 0.27250571732484397, ""water"": 0.18167047821656268, ""transport"": 0.6666666666666666}","{""energy"": 0.0, ""water"": 0.0, ""transport"": 0.0}","{""energy"": 1.0, ""water"": 1.0, ""transport"": 1.0}","{""energy"": 1.0, ""water"": 1.0, ""transport"": 1.0}",0.3,0.1,0.8101700970615731,,,"[""energy"", ""water""]",1,v1.0,0.7,0.3
S3_transport_load,23,23,17003949108129404438,scenario=S3_transport_load|method=both|duration=0|theta=0.300000|delta_threshold=0.100000|A=v1.0|w=na|run_id=23|seed=17003949108129404438,False,"{""step_1_amount"": 0.3461316395347862}",5222c37788a096d3910624247b4a1e76a3afcfe0df2ea7ddd6490cebc16a26a9,0.44666666666666677,0.8215487589727866,0.3748820923061198,8,0.0,1.0,0.44666666666666677,0.8215487589727866,1,1,0.3748820923061198,"{""energy"": 0.6666666666666667, ""water"": 0.2666666666666667, ""transport"": 0.33333333333333337}","{""energy"": 0.9581368205101998, ""water"": 0.46098010256235544, ""transport"": 1.0}","{""energy"": 0.29147015384353303, ""water"": 0.19431343589568872, ""transport"": 0.6666666666666666}","{""energy"": 0.0, ""water"": 0.0, ""transport"": 0.0}","{""energy"": 1.0, ""water"": 1.0, ""transport"": 1.0}","{""energy"": 1.0, ""water"": 1.0, ""transport"": 1.0}",0.3,0.1,0.8215487589727866,,,"[""energy"", ""water""]",1,v1.0,0.7,0.3
S3_transport_load,24,24,11040116348213503842,scenario=S3_transport_load|method=both|duration=0|theta=0.300000|delta_threshold=0.100000|A=v1.0|w=na|run_id=24|seed=11040116348213503842,False,"{""step_1_amount"": 0.3450435468843781}",5222c37788a096d3910624247b4a1e76a3afcfe0df2ea7ddd6490cebc16a26a9,0.44666666666666677,0.8214911585966806,0.3748244919300139,23,0.0,1.0,0.44666666666666677,0.8214911585966806,1,1,0.3748244919300139,"{""energy"": 0.6666666666666667, ""water"": 0.2666666666666667, ""transport"": 0.33333333333333337}","{""energy"": 0.9580408198833568, ""water"": 0.4609161021444601, ""transport"": 1.0}","{""energy"": 0.29137415321669, ""water"": 0.1942494354777934, ""transport"": 0.6666666666666666}","{""energy"": 0.0, ""water"": 0.0, ""transport"": 0.0}","{""energy"": 1.0, ""water"": 1.0, ""transport"": 1.0}","{""energy"": 1.0, ""water"": 1.0, ""transport"": 1.0}",0.3,0.1,0.8214911585966806,,,"[""energy"", ""water""]",1,v1.0,0.7,0.3
S3_transport_load,25,25,4546238076976720157,scenario=S3_transport_load|method=both|duration=0|theta=0.300000|delta_threshold=0.100000|A=v1.0|w=na|run_id=25|seed=4546238076976720157,False,"{""step_1_amount"": 0.4157396864783377}",5222c37788a096d3910624247b4a1e76a3afcfe0df2ea7ddd6490cebc16a26a9,0.44666666666666677,0.8241654501523075,0.3774987834856407,11,0.0,1.0,0.44666666666666677,0.8241654501523075,1,1,0.3774987834856407,"{""energy"": 0.6666666666666667, ""water"": 0.2666666666666667, ""transport"": 0.33333333333333337}","{""energy"": 0.9624979724760678, ""water"": 0.4638875372062674, ""transport"": 1.0}","{""energy"": 0.2958313058094011, ""water"": 0.1972208705396007, ""transport"": 0.6666666666666666}","{""energy"": 0.0, ""water"": 0.0, ""transport"": 0.0}","{""energy"": 1.0, ""water"": 1.0, ""transport"": 1.0}","{""energy"": 1.0, ""water"": 1.0, ""transport"": 1.0}",0.3,0.1,0.8241654501523075,,,"[""energy"", ""water""]",1,v1.0,0.7,0.3
S3_transport_load,26,26,4949935012460106905,scenario=S3_transport_load|method=both|duration=0|theta=0.300000|delta_threshold=0.100000|A=v1.0|w=na|run_id=26|seed=4949935012460106905,False,"{""step_1_amount"": 0.3582715136245805}",5222c37788a096d3910624247b4a1e76a3afcfe0df2ea7ddd6490cebc16a26a9,0.44666666666666677,0.8815729287979226,0.4349062621312558,12,0.0,1.0,0.44666666666666677,0.8815729287979226,1,1,0.4349062621312558,"{""energy"": 0.6666666666666667, ""water"": 0.2666666666666667, ""transport"": 0.33333333333333337}","{""energy"": 0.990413578023084, ""water"": 0.6180249919622964, ""transport"": 1.0}","{""energy"": 0.3237469113564173, ""water"": 0.3513583252956297, ""transport"": 0.6666666666666666}","{""energy"": 0.0, ""water"": 0.0, ""transport"": 0.0}","{""energy"": 1.0, ""water"": 1.0, ""transport"": 1.0}","{""energy"": 1.0, ""water"": 1.0, ""transport"": 1.0}",0.3,0.1,0.8815729287979226,,,"[""energy"", ""water""]",1,v1.0,0.7,0.3
S3_transport_load,27,27,7640283237503766578,scenario=S3_transport_load|method=both|duration=0|theta=0.300000|delta_threshold=0.100000|A=v1.0|w=na|run_id=27|seed=7640283237503766578,False,"{""step_1_amount"": 0.10893659657807123}",5222c37788a096d3910624247b4a1e76a3afcfe0df2ea7ddd6490cebc16a26a9,0.44666666666666677,0.7679651159926326,0.32129844932596585,22,0.0,0.0,0.44666666666666677,0.7679651159926326,0,1,0.32129844932596585,"{""energy"": 0.6666666666666667, ""water"": 0.2666666666666667, ""transport"": 0.33333333333333337}","{""energy"": 0.86883074887661, ""water"": 0.40144272147329557, ""transport"": 1.0}","{""energy"": 0.2021640822099433, ""water"": 0.13477605480662885, ""transport"": 0.6666666666666666}","{""energy"": 0.0, ""water"": 0.0, ""transport"": 0.0}","{""energy"": 0.0, ""water"": 0.0, ""transport"": 0.0}","{""energy"": 0.0, ""water"": 0.0, ""transport"": 0.0}",0.3,0.1,0.7679651159926326,,,[],,v1.0,0.7,0.3
S3_transport_load,28,28,4401661243634622307,scenario=S3_transport_load|method=both|duration=0|theta=0.300000|delta_threshold=0.100000|A=v1.0|w=na|run_id=28|seed=4401661243634622307,False,"{""step_1_amount"": 0.4949771061448424}",5222c37788a096d3910624247b4a1e76a3afcfe0df2ea7ddd6490cebc16a26a9,0.44666666666666677,0.8177049943559112,0.3710383276892444,5,0.0,1.0,0.44666666666666677,0.8177049943559112,1,1,0.3710383276892444,"{""energy"": 0.6666666666666667, ""water"": 0.2666666666666667, ""transport"": 0.33333333333333337}","{""energy"": 0.9517305461487406, ""water"": 0.4567092529880493, ""transport"": 1.0}","{""energy"": 0.2850638794820739, ""water"": 0.1900425863213826, ""transport"": 0.6666666666666666}","{""energy"": 0.0, ""water"": 0.0, ""transport"": 0.0}","{""energy"": 1.0, ""water"": 1.0, ""transport"": 1.0}","{""energy"": 1.0, ""water"": 1.0, ""transport"": 1.0}",0.3,0.1,0.8177049943559112,,,"[""energy"", ""water""]",1,v1.0,0.7,0.3
S3_transport_load,29,29,10518337584195250457,scenario=S3_transport_load|method=both|duration=0|theta=0.300000|delta_threshold=0.100000|A=v1.0|w=na|run_id=29|seed=10518337584195250457,False,"{""step_1_amount"": 0.30903630596343973}",5222c37788a096d3910624247b4a1e76a3afcfe0df2ea7ddd6490cebc16a26a9,0.44666666666666677,0.8191712051641735,0.37250453849750675,30,0.0,1.0,0.44666666666666677,0.8191712051641735,1,1,0.37250453849750675,"{""energy"": 0.6666666666666667, ""water"": 0.2666666666666667, ""transport"": 0.33333333333333337}","{""energy"": 0.9541742308291782, ""water"": 0.45833837610834105, ""transport"": 1.0}","{""energy"": 0.28750756416251144, ""water"": 0.19167170944167433, ""transport"": 0.6666666666666666}","{""energy"": 0.0, ""water"": 0.0, ""transport"": 0.0}","{""energy"": 1.0, ""water"": 1.0, ""transport"": 1.0}","{""energy"": 1.0, ""water"": 1.0, ""transport"": 1.0}",0.3,0.1,0.8191712051641735,,,"[""energy"", ""water""]",1,v1.0,0.7,0.3
S3_transport_load,30,30,3035379247479952198,scenario=S3_transport_load|method=both|duration=0|theta=0.300000|delta_threshold=0.100000|A=v1.0|w=na|run_id=30|seed=3035379247479952198,False,"{""step_1_amount"": 0.44933430926339013}",5222c37788a096d3910624247b4a1e76a3afcfe0df2ea7ddd6490cebc16a26a9,0.44666666666666677,0.8334534714795983,0.3867868048129315,19,0.0,1.0,0.44666666666666677,0.8334534714795983,1,1,0.3867868048129315,"{""energy"": 0.6666666666666667, ""water"": 0.2666666666666667, ""transport"": 0.33333333333333337}","{""energy"": 0.9600192183191023, ""water"": 0.49815261383985754, ""transport"": 1.0}","{""energy"": 0.29335255165243557, ""water"": 0.23148594717319082, ""transport"": 0.6666666666666666}","{""energy"": 0.0, ""water"": 0.0, ""transport"": 0.0}","{""energy"": 1.0, ""water"": 1.0, ""transport"": 1.0}","{""energy"": 1.0, ""water"": 1.0, ""transport"": 1.0}",0.3,0.1,0.8334534714795983,,,"[""energy"", ""water""]",1,v1.0,0.7,0.3
S3_transport_load,31,31,15326341186512808866,scenario=S3_transport_load|method=both|duration=0|theta=0.300000|delta_threshold=0.100000|A=v1.0|w=na|run_id=31|seed=15326341186512808866,False,"{""step_1_amount"": 0.43589730430388013}",5222c37788a096d3910624247b4a1e76a3afcfe0df2ea7ddd6490cebc16a26a9,0.44666666666666677,0.8246338106243614,0.3779671439576946,11,0.0,1.0,0.44666666666666677,0.8246338106243614,1,1,0.3779671439576946,"{""energy"": 0.6666666666666667, ""water"": 0.2666666666666667, ""transport"": 0.33333333333333337}","{""energy"": 0.9632785732628243, ""water"": 0.46440793773077177, ""transport"": 1.0}","{""energy"": 0.29661190659615755, ""water"": 0.19774127106410505, ""transport"": 0.6666666666666666}","{""energy"": 0.0, ""water"": 0.0, ""transport"": 0.0}","{""energy"": 1.0, ""water"": 1.0, ""transport"": 1.0}","{""energy"": 1.0, ""water"": 1.0, ""transport"": 1.0}",0.3,0.1,0.8246338106243614,,,"[""energy"", ""water""]",1,v1.0,0.7,0.3
S3_transport_load,32,32,7380478080297004380,scenario=S3_transport_load|method=both|duration=0|theta=0.300000|delta_threshold=0.100000|A=v1.0|w=na|run_id=32|seed=7380478080297004380,False,"{""step_1_amount"": 0.16279327280049535}",5222c37788a096d3910624247b4a1e76a3afcfe0df2ea7ddd6490cebc16a26a9,0.44666666666666677,0.7929324801618314,0.3462658134951646,22,0.0,1.0,0.44666666666666677,0.7929324801618314,1,1,0.3462658134951646,"{""energy"": 0.6666666666666667, ""water"": 0.2666666666666667, ""transport"": 0.33333333333333337}","{""energy"": 0.9104430224919413, ""water"": 0.42918423721684973, ""transport"": 1.0}","{""energy"": 0.24377635582527457, ""water"": 0.162517570550183, ""transport"": 0.6666666666666666}","{""energy"": 0.0, ""water"": 0.0, ""transport"": 0.0}","{""energy"": 1.0, ""water"": 1.0, ""transport"": 1.0}","{""energy"": 1.0, ""water"": 1.0, ""transport"": 1.0}",0.3,0.1,0.7929324801618314,,,"[""energy"", ""water""]",1,v1.0,0.7,0.3
S3_transport_load,33,33,341885810885497397,scenario=S3_transport_load|method=both|duration=0|theta=0.300000|delta_threshold=0.100000|A=v1.0|w=na|run_id=33|seed=341885810885497397,False,"{""step_1_amount"": 0.13278905799681542}",5222c37788a096d3910624247b4a1e76a3afcfe0df2ea7ddd6490cebc16a26a9,0.44666666666666677,0.780736297298015,0.3340696306313482,17,0.0,1.0,0.44666666666666677,0.780736297298015,1,1,0.3340696306313482,"{""energy"": 0.6666666666666667, ""water"": 0.2666666666666667, ""transport"": 0.33333333333333337}","{""energy"": 0.8901160510522472, ""water"": 0.41563292292372045, ""transport"": 1.0}","{""energy"": 0.22344938438558049, ""water"": 0.14896625625705373, ""transport"": 0.6666666666666666}","{""energy"": 0.0, ""water"": 0.0, ""transport"": 0.0}","{""energy"": 1.0, ""water"": 1.0, ""transport"": 1.0}","{""energy"": 1.0, ""water"": 1.0, ""transport"": 1.0}",0.3,0.1,0.780736297298015,,,"[""energy"", ""water""]",1,v1.0,0.7,0.3
S3_transport_load,34,34,17103422991207695056,scenario=S3_transport_load|method=both|duration=0|theta=0.300000|delta_threshold=0.100000|A=v1.0|w=na|run_id=34|seed=17103422991207695056,False,"{""step_1_amount"": 0.2262515235855667}",5222c37788a096d3910624247b4a1e76a3afcfe0df2ea7ddd6490cebc16a26a9,0.44666666666666677,0.8091035980560599,0.36243693138939315,18,0.0,1.0,0.44666666666666677,0.8091035980560599,1,1,0.36243693138939315,"{""energy"": 0.6666666666666667, ""water"": 0.2666666666666667, ""transport"": 0.33333333333333337}","{""energy"": 0.9373948856489887, ""water"": 0.4471521459882147, ""transport"": 1.0}","{""energy"": 0.2707282189823219, ""water"": 0.18048547932154796, ""transport"": 0.6666666666666666}","{""energy"": 0.0, ""water"": 0.0, ""transport"": 0.0}","{""energy"": 1.0, ""water"": 1.0, ""transport"": 1.0}","{""energy"": 1.0, ""water"": 1.0, ""transport"": 1.0}",0.3,0.1,0.8091035980560599,,,"[""energy"", ""water""]",1,v1.0,0.7,0.3
S3_transport_load,35,35,9152197164544394606,scenario=S3_transport_load|method=both|duration=0|theta=0.300000|delta_threshold=0.100000|A=v1.0|w=na|run_id=35|seed=9152197164544394606,False,"{""step_1_amount"": 0.20571442950853763}",5222c37788a096d3910624247b4a1e76a3afcfe0df2ea7ddd6490cebc16a26a9,0.44666666666666677,0.8049726388927758,0.35830597222610905,16,0.0,1.0,0.44666666666666677,0.8049726388927758,1,1,0.35830597222610905,"{""energy"": 0.6666666666666667, ""water"": 0.2666666666666667, ""transport"": 0.33333333333333337}","{""energy"": 0.9305099537101817, ""water"": 0.4425621913623434, ""transport"": 1.0}","{""energy"": 0.263843287043515, ""water"": 0.1758955246956767, ""transport"": 0.6666666666666666}","{""energy"": 0.0, ""water"": 0.0, ""transport"": 0.0}","{""energy"": 1.0, ""water"": 1.0, ""transport"": 1.0}","{""energy"": 1.0, ""water"": 1.0, ""transport"": 1.0}",0.3,0.1,0.8049726388927758,,,"[""energy"", ""water""]",1,v1.0,0.7,0.3
S3_transport_load,36,36,5795491704971180843,scenario=S3_transport_load|method=both|duration=0|theta=0.300000|delta_threshold=0.100000|A=v1.0|w=na|run_id=36|seed=5795491704971180843,False,"{""step_1_amount"": 0.44918665818814757}",5222c37788a096d3910624247b4a1e76a3afcfe0df2ea7ddd6490cebc16a26a9,0.44666666666666677,0.8248935280170777,0.37822686135041095,8,0.0,1.0,0.44666666666666677,0.8248935280170777,1,1,0.37822686135041095,"{""energy"": 0.6666666666666667, ""water"": 0.2666666666666667, ""transport"": 0.33333333333333337}","{""energy"": 0.9637114355840184, ""water"": 0.46469651261156786, ""transport"": 1.0}","{""energy"": 0.29704476891735165, ""water"": 0.19802984594490114, ""transport"": 0.6666666666666666}","{""energy"": 0.0, ""water"": 0.0, ""transport"": 0.0}","{""energy"": 1.0, ""water"": 1.0, ""transport"": 1.0}","{""energy"": 1.0, ""water"": 1.0, ""transport"": 1.0}",0.3,0.1,0.8248935280170777,,,"[""energy"", ""water""]",1,v1.0,0.7,0.3
S3_transport_load,37,37,2875966844219020543,scenario=S3_transport_load|method=both|duration=0|theta=0.300000|delta_threshold=0.100000|A=v1.0|w=na|run_id=37|seed=2875966844219020543,False,"{""step_1_amount"": 0.3694255502287056}",5222c37788a096d3910624247b4a1e76a3afcfe0df2ea7ddd6490cebc16a26a9,0.44666666666666677,0.8226391450954493,0.37597247842878256,13,0.0,1.0,0.44666666666666677,0.8226391450954493,1,1,0.37597247842878256,"{""energy"": 0.6666666666666667, ""water"": 0.2666666666666667, ""transport"": 0.33333333333333337}","{""energy"": 0.9599541307146376, ""water"": 0.4621916426986473, ""transport"": 1.0}","{""energy"": 0.2932874640479709, ""water"": 0.1955249760319806, ""transport"": 0.6666666666666666}","{""energy"": 0.0, ""water"": 0.0, ""transport"": 0.0}","{""energy"": 1.0, ""water"": 1.0, ""transport"": 1.0}","{""energy"": 1.0, ""water"": 1.0, ""transport"": 1.0}",0.3,0.1,0.8226391450954493,,,"[""energy"", ""water""]",1,v1.0,0.7,0.3
S3_transport_load,38,38,9537033078799593423,scenario=S3_transport_load|method=both|duration=0|theta=0.300000|delta_threshold=0.100000|A=v1.0|w=na|run_id=38|seed=9537033078799593423,False,"{""step_1_amount"": 0.21587669276830035}",5222c37788a096d3910624247b4a1e76a3afcfe0df2ea7ddd6490cebc16a26a9,0.44666666666666677,0.8177049943559112,0.3710383276892444,29,0.0,1.0,0.44666666666666677,0.8177049943559112,1,1,0.3710383276892444,"{""energy"": 0.6666666666666667, ""water"": 0.2666666666666667, ""transport"": 0.33333333333333337}","{""energy"": 0.9517305461487406, ""water"": 0.4567092529880493, ""transport"": 1.0}","{""energy"": 0.2850638794820739, ""water"": 0.1900425863213826, ""transport"": 0.6666666666666666}","{""energy"": 0.0, ""water"": 0.0, ""transport"": 0.0}","{""energy"": 1.0, ""water"": 1.0, ""transport"": 1.0}","{""energy"": 1.0, ""water"": 1.0, ""transport"": 1.0}",0.3,0.1,0.8177049943559112,,,"[""energy"", ""water""]",1,v1.0,0.7,0.3
S3_transport_load,39,39,16766224098216360880,scenario=S3_transport_load|method=both|duration=0|theta=0.300000|delta_threshold=0.100000|A=v1.0|w=na|run_id=39|seed=16766224098216360880,False,"{""step_1_amount"": 0.13756491793814923}",5222c37788a096d3910624247b4a1e76a3afcfe0df2ea7ddd6490cebc16a26a9,0.44666666666666677,0.7829380203491982,0.33627135368253147,17,0.0,1.0,0.44666666666666677,0.7829380203491982,1,1,0.33627135368253147,"{""energy"": 0.6666666666666667, ""water"": 0.2666666666666667, ""transport"": 0.33333333333333337}","{""energy"": 0.8937855894708859, ""water"": 0.4180792818694795, ""transport"": 1.0}","{""energy"": 0.2271189228042192, ""water"": 0.1514126152028128, ""transport"": 0.6666666666666666}","{""energy"": 0.0, ""water"": 0.0, ""transport"": 0.0}","{""energy"": 1.0, ""water"": 1.0, ""transport"": 1.0}","{""energy"": 1.0, ""water"": 1.0, ""transport"": 1.0}",0.3,0.1,0.7829380203491982,,,"[""energy"", ""water""]",1,v1.0,0.7,0.3
S3_transport_load,40,40,6474050726416507053,scenario=S3_transport_load|method=both|duration=0|theta=0.300000|delta_threshold=0.100000|A=v1.0|w=na|run_id=40|seed=6474050726416507053,False,"{""step_1_amount"": 0.47619119551360456}",5222c37788a096d3910624247b4a1e76a3afcfe0df2ea7ddd6490cebc16a26a9,0.44666666666666677,0.8427949277530931,0.3961282610864263,11,0.0,1.0,0.44666666666666677,0.8427949277530931,1,1,0.3961282610864263,"{""energy"": 0.6666666666666667, ""water"": 0.2666666666666667, ""transport"": 0.33333333333333337}","{""energy"": 0.9649357742525206, ""water"": 0.5227353935069492, ""transport"": 1.0}","{""energy"": 0.2982691075858539, ""water"": 0.2560687268402825, ""transport"": 0.6666666666666666}","{""energy"": 0.0, ""water"": 0.0, ""transport"": 0.0}","{""energy"": 1.0, ""water"": 1.0, ""transport"": 1.0}","{""energy"": 1.0, ""water"": 1.0, ""transport"": 1.0}",0.3,0.1,0.8427949277530931,,,"[""energy"", ""water""]",1,v1.0,0.7,0.3
S3_transport_load,41,41,13548828647178168546,scenario=S3_transport_load|method=both|duration=0|theta=0.300000|delta_threshold=0.100000|A=v1.0|w=na|run_id=41|seed=13548828647178168546,False,"{""step_1_amount"": 0.3343898457910068}",5222c37788a096d3910624247b4a1e76a3afcfe0df2ea7ddd6490cebc16a26a9,0.44666666666666677,0.8208917811190284,0.3742251144523616,14,0.0,1.0,0.44666666666666677,0.8208917811190284,1,1,0.3742251144523616,"{""energy"": 0.6666666666666667, ""water"": 0.2666666666666667, ""transport"": 0.33333333333333337}","{""energy"": 0.957041857420603, ""water"": 0.4602501271692909, ""transport"": 1.0}","{""energy"": 0.29037519075393625, ""water"": 0.1935834605026242, ""transport"": 0.6666666666666666}","{""energy"": 0.0, ""water"": 0.0, ""transport"": 0.0}","{""energy"": 1.0, ""water"": 1.0, ""transport"": 1.0}","{""energy"": 1.0, ""water"": 1.0, ""transport"": 1.0}",0.3,0.1,0.8208917811190284,,,"[""energy"", ""water""]",1,v1.0,0.7,0.3
S3_transport_load,42,42,8102322032445934021,scenario=S3_transport_load|method=both|duration=0|theta=0.300000|delta_threshold=0.100000|A=v1.0|w=na|run_id=42|seed=8102322032445934021,False,"{""step_1_amount"": 0.4058294511231934}",5222c37788a096d3910624247b4a1e76a3afcfe0df2ea7ddd6490cebc16a26a9,0.44666666666666677,0.8238970440578479,0.37723037739118115,28,0.0,1.0,0.44666666666666677,0.8238970440578479,1,1,0.37723037739118115,"{""energy"": 0.6666666666666667, ""water"": 0.2666666666666667, ""transport"": 0.33333333333333337}","{""energy"": 0.9620506289853021, ""water"": 0.4635893082124237, ""transport"": 1.0}","{""energy"": 0.2953839623186354, ""water"": 0.196922641545757, ""transport"": 0.6666666666666666}","{""energy"": 0.0, ""water"": 0.0, ""transport"": 0.0}","{""energy"": 1.0, ""water"": 1.0, ""transport"": 1.0}","{""energy"": 1.0, ""water"": 1.0, ""transport"": 1.0}",0.3,0.1,0.8238970440578479,,,"[""energy"", ""water""]",1,v1.0,0.7,0.3
S3_transport_load,43,43,6954951661001857303,scenario=S3_transport_load|method=both|duration=0|theta=0.300000|delta_threshold=0.100000|A=v1.0|w=na|run_id=43|seed=6954951661001857303,False,"{""step_1_amount"": 0.20253535601175898}",5222c37788a096d3910624247b4a1e76a3afcfe0df2ea7ddd6490cebc16a26a9,0.44666666666666677,0.8177049943559112,0.3710383276892444,21,0.0,1.0,0.44666666666666677,0.8177049943559112,1,1,0.3710383276892444,"{""energy"": 0.6666666666666667, ""water"": 0.2666666666666667, ""transport"": 0.33333333333333337}","{""energy"": 0.9517305461487406, ""water"": 0.4567092529880493, ""transport"": 1.0}","{""energy"": 0.2850638794820739, ""water"": 0.1900425863213826, ""transport"": 0.6666666666666666}","{""energy"": 0.0, ""water"": 0.0, ""transport"": 0.0}","{""energy"": 1.0, ""water"": 1.0, ""transport"": 1.0}","{""energy"": 1.0, ""water"": 1.0, ""transport"": 1.0}",0.3,0.1,0.8177049943559112,,,"[""energy"", ""water""]",1,v1.0,0.7,0.3
S3_transport_load,44,44,14710134947916348776,scenario=S3_transport_load|method=both|duration=0|theta=0.300000|delta_threshold=0.100000|A=v1.0|w=na|run_id=44|seed=14710134947916348776,False,"{""step_1_amount"": 0.008845163376755366}",5222c37788a096d3910624247b4a1e76a3afcfe0df2ea7ddd6490cebc16a26a9,0.44666666666666677,0.543724721707257,0.09705805504059029,21,0.0,0.0,0.44666666666666677,0.543724721707257,0,1,0.09705805504059029,"{""energy"": 0.6666666666666667, ""water"": 0.2666666666666667, ""transport"": 0.33333333333333337}","{""energy"": 0.7162942069780817, ""water"": 0.401752527785496, ""transport"": 0.4556042686012518}","{""energy"": 0.04962754031141492, ""water"": 0.1350858611188293, ""transport"": 0.12227093526791843}","{""energy"": 0.0, ""water"": 0.0, ""transport"": 0.0}","{""energy"": 0.0, ""water"": 0.0, ""transport"": 0.0}","{""energy"": 0.0, ""water"": 0.0, ""transport"": 0.0}",0.3,0.1,0.543724721707257,,,[],,v1.0,0.7,0.3
S3_transport_load,45,45,14533527275950514094,scenario=S3_transport_load|method=both|duration=0|theta=0.300000|delta_threshold=0.100000|A=v1.0|w=na|run_id=45|seed=14533527275950514094,False,"{""step_1_amount"": 0.3897670971496906}",5222c37788a096d3910624247b4a1e76a3afcfe0df2ea7ddd6490cebc16a26a9,0.44666666666666677,0.8233994976940557,0.37673283102738897,29,0.0,1.0,0.44666666666666677,0.8233994976940557,1,1,0.37673283102738897,"{""energy"": 0.6666666666666667, ""water"": 0.2666666666666667, ""transport"": 0.33333333333333337}","{""energy"": 0.9612213850456485, ""water"": 0.4630364789193212, ""transport"": 1.0}","{""energy"": 0.29455471837898173, ""water"": 0.19636981225265449, ""transport"": 0.6666666666666666}","{""energy"": 0.0, ""water"": 0.0, ""transport"": 0.0}","{""energy"": 1.0, ""water"": 1.0, ""transport"": 1.0}","{""energy"": 1.0, ""water"": 1.0, ""transport"": 1.0}",0.3,0.1,0.8233994976940557,,,"[""energy"", ""water""]",1,v1.0,0.7,0.3
S3_transport_load,46,46,14114700733617504374,scenario=S3_transport_load|method=both|duration=0|theta=0.300000|delta_threshold=0.100000|A=v1.0|w=na|run_id=46|seed=14114700733617504374,False,"{""step_1_amount"": 0.4623201345657407}",5222c37788a096d3910624247b4a1e76a3afcfe0df2ea7ddd6490cebc16a26a9,0.44666666666666677,0.825117582278593,0.37845091561192623,17,0.0,1.0,0.44666666666666677,0.825117582278593,1,1,0.37845091561192623,"{""energy"": 0.6666666666666667, ""water"": 0.2666666666666667, ""transport"": 0.33333333333333337}","{""energy"": 0.9640848593532106, ""water"": 0.46494546179102936, ""transport"": 1.0}","{""energy"": 0.2974181926865439, ""water"": 0.19827879512436264, ""transport"": 0.6666666666666666}","{""energy"": 0.0, ""water"": 0.0, ""transport"": 0.0}","{""energy"": 1.0, ""water"": 1.0, ""transport"": 1.0}","{""energy"": 1.0, ""water"": 1.0, ""transport"": 1.0}",0.3,0.1,0.825117582278593,,,"[""energy"", ""water""]",1,v1.0,0.7,0.3
S3_transport_load,47,47,15114467867139512117,scenario=S3_transport_load|method=both|duration=0|theta=0.300000|delta_threshold=0.100000|A=v1.0|w=na|run_id=47|seed=15114467867139512117,False,"{""step_1_amount"": 0.2130622169145584}",5222c37788a096d3910624247b4a1e76a3afcfe0df2ea7ddd6490cebc16a26a9,0.44666666666666677,0.8065517882092859,0.3598851215426191,18,0.0,1.0,0.44666666666666677,0.8065517882092859,1,1,0.3598851215426191,"{""energy"": 0.6666666666666667, ""water"": 0.2666666666666667, ""transport"": 0.33333333333333337}","{""energy"": 0.9331418692376986, ""water"": 0.4443168017140213, ""transport"": 1.0}","{""energy"": 0.26647520257103186, ""water"": 0.1776501350473546, ""transport"": 0.6666666666666666}","{""energy"": 0.0, ""water"": 0.0, ""transport"": 0.0}","{""energy"": 1.0, ""water"": 1.0, ""transport"": 1.0}","{""energy"": 1.0, ""water"": 1.0, ""transport"": 1.0}",0.3,0.1,0.8065517882092859,,,"[""energy"", ""water""]",1,v1.0,0.7,0.3
S3_transport_load,48,48,9087828319327491264,scenario=S3_transport_load|method=both|duration=0|theta=0.300000|delta_threshold=0.100000|A=v1.0|w=na|run_id=48|seed=9087828319327491264,False,"{""step_1_amount"": 0.4211220779763466}",5222c37788a096d3910624247b4a1e76a3afcfe0df2ea7ddd6490cebc16a26a9,0.44666666666666677,0.8243001586021261,0.37763349193545936,7,0.0,1.0,0.44666666666666677,0.8243001586021261,1,1,0.37763349193545936,"{""energy"": 0.6666666666666667, ""water"": 0.2666666666666667, ""transport"": 0.33333333333333337}","{""energy"": 0.9627224865590991, ""water"": 0.4640372132616216, ""transport"": 1.0}","{""energy"": 0.29605581989243235, ""water"": 0.1973705465949549, ""transport"": 0.6666666666666666}","{""energy"": 0.0, ""water"": 0.0, ""transport"": 0.0}","{""energy"": 1.0, ""water"": 1.0, ""transport"": 1.0}","{""energy"": 1.0, ""water"": 1.0, ""transport"": 1.0}",0.3,0.1,0.8243001586021261,,,"[""energy"", ""water""]",1,v1.0,0.7,0.3
S3_transport_load,49,49,13784796035759046326,scenario=S3_transport_load|method=both|duration=0|theta=0.300000|delta_threshold=0.100000|A=v1.0|w=na|run_id=49|seed=13784796035759046326,False,"{""step_1_amount"": 0.6756712858038304}",5222c37788a096d3910624247b4a1e76a3afcfe0df2ea7ddd6490cebc16a26a9,0.44666666666666677,0.8264940712309172,0.37982740456425046,6,0.0,1.0,0.44666666666666677,0.8264940712309172,1,1,0.37982740456425046,"{""energy"": 0.6666666666666667, ""water"": 0.2666666666666667, ""transport"": 0.33333333333333337}","{""energy"": 0.9663790076070842, ""water"": 0.46647489396027836, ""transport"": 1.0}","{""energy"": 0.29971234094041743, ""water"": 0.19980822729361164, ""transport"": 0.6666666666666666}","{""energy"": 0.0, ""water"": 0.0, ""transport"": 0.0}","{""energy"": 1.0, ""water"": 1.0, ""transport"": 1.0}","{""energy"": 1.0, ""water"": 1.0, ""transport"": 1.0}",0.3,0.1,0.8264940712309172,,,"[""energy"", ""water""]",1,v1.0,0.7,0.3
S3_transport_load,50,50,14142361206657072350,scenario=S3_transport_load|method=both|duration=0|theta=0.300000|delta_threshold=0.100000|A=v1.0|w=na|run_id=50|seed=14142361206657072350,False,"{""step_1_amount"": 0.24710715032552386}",5222c37788a096d3910624247b4a1e76a3afcfe0df2ea7ddd6490cebc16a26a9,0.44666666666666677,0.8124944524111806,0.3658277857445138,10,0.0,1.0,0.44666666666666677,0.8124944524111806,1,1,0.3658277857445138,"{""energy"": 0.6666666666666667, ""water"": 0.2666666666666667, ""transport"": 0.33333333333333337}","{""energy"": 0.9430463095741899, ""water"": 0.4509197619383489, ""transport"": 1.0}","{""energy"": 0.27637964290752315, ""water"": 0.18425309527168215, ""transport"": 0.6666666666666666}","{""energy"": 0.0, ""water"": 0.0, ""transport"": 0.0}","{""energy"": 1.0, ""water"": 1.0, ""transport"": 1.0}","{""energy"": 1.0, ""water"": 1.0, ""transport"": 1.0}",0.3,0.1,0.8124944524111806,,,"[""energy"", ""water""]",1,v1.0,0.7,0.3
S3_transport_load,51,51,16547310904293415223,scenario=S3_transport_load|method=both|duration=0|theta=0.300000|delta_threshold=0.100000|A=v1.0|w=na|run_id=51|seed=16547310904293415223,False,"{""step_1_amount"": 0.32552516668330594}",5222c37788a096d3910624247b4a1e76a3afcfe0df2ea7ddd6490cebc16a26a9,0.44666666666666677,0.8203404777109176,0.3736738110442508,16,0.0,1.0,0.44666666666666677,0.8203404777109176,1,1,0.3736738110442508,"{""energy"": 0.6666666666666667, ""water"": 0.2666666666666667, ""transport"": 0.33333333333333337}","{""energy"": 0.9561230184070847, ""water"": 0.45963756782694537, ""transport"": 1.0}","{""energy"": 0.28945635174041795, ""water"": 0.19297090116027865, ""transport"": 0.6666666666666666}","{""energy"": 0.0, ""water"": 0.0, ""transport"": 0.0}","{""energy"": 1.0, ""water"": 1.0, ""transport"": 1.0}","{""energy"": 1.0, ""water"": 1.0, ""transport"": 1.0}",0.3,0.1,0.8203404777109176,,,"[""energy"", ""water""]",1,v1.0,0.7,0.3
S3_transport_load,52,52,13070184402977852700,scenario=S3_transport_load|method=both|duration=0|theta=0.300000|delta_threshold=0.100000|A=v1.0|w=na|run_id=52|seed=13070184402977852700,False,"{""step_1_amount"": 0.44348173061168233}",5222c37788a096d3910624247b4a1e76a3afcfe0df2ea7ddd6490cebc16a26a9,0.44666666666666677,0.824786368281702,0.3781197016150353,26,0.0,1.0,0.44666666666666677,0.824786368281702,1,1,0.3781197016150353,"{""energy"": 0.6666666666666667, ""water"": 0.2666666666666667, ""transport"": 0.33333333333333337}","{""energy"": 0.9635328360250589, ""water"": 0.46457744623892816, ""transport"": 1.0}","{""energy"": 0.29686616935839216, ""water"": 0.19791077957226144, ""transport"": 0.6666666666666666}","{""energy"": 0.0, ""water"": 0.0, ""transport"": 0.0}","{""energy"": 1.0, ""water"": 1.0, ""transport"": 1.0}","{""energy"": 1.0, ""water"": 1.0, ""transport"": 1.0}",0.3,0.1,0.824786368281702,,,"[""energy"", ""water""]",1,v1.0,0.7,0.3
S3_transport_load,53,53,3377870681463300587,scenario=S3_transport_load|method=both|duration=0|theta=0.300000|delta_threshold=0.100000|A=v1.0|w=na|run_id=53|seed=3377870681463300587,False,"{""step_1_amount"": 0.3082646612611737}",5222c37788a096d3910624247b4a1e76a3afcfe0df2ea7ddd6490cebc16a26a9,0.44666666666666677,0.8177049943559112,0.3710383276892444,17,0.0,1.0,0.44666666666666677,0.8177049943559112,1,1,0.3710383276892444,"{""energy"": 0.6666666666666667, ""water"": 0.2666666666666667, ""transport"": 0.33333333333333337}","{""energy"": 0.9517305461487406, ""water"": 0.4567092529880493, ""transport"": 1.0}","{""energy"": 0.2850638794820739, ""water"": 0.1900425863213826, ""transport"": 0.6666666666666666}","{""energy"": 0.0, ""water"": 0.0, ""transport"": 0.0}","{""energy"": 1.0, ""water"": 1.0, ""transport"": 1.0}","{""energy"": 1.0, ""water"": 1.0, ""transport"": 1.0}",0.3,0.1,0.8177049943559112,,,"[""energy"", ""water""]",1,v1.0,0.7,0.3
S3_transport_load,54,54,3946472892230901394,scenario=S3_transport_load|method=both|duration=0|theta=0.300000|delta_threshold=0.100000|A=v1.0|w=na|run_id=54|seed=3946472892230901394,False,"{""step_1_amount"": 0.3025666541187566}",5222c37788a096d3910624247b4a1e76a3afcfe0df2ea7ddd6490cebc16a26a9,0.44666666666666677,0.818655449585391,0.3719887829187243,20,0.0,1.0,0.44666666666666677,0.818655449585391,1,1,0.3719887829187243,"{""energy"": 0.6666666666666667, ""water"": 0.2666666666666667, ""transport"": 0.33333333333333337}","{""energy"": 0.9533146381978739, ""water"": 0.45776531435413814, ""transport"": 1.0}","{""energy"": 0.28664797153120714, ""water"": 0.19109864768747142, ""transport"": 0.6666666666666666}","{""energy"": 0.0, ""water"": 0.0, ""transport"": 0.0}","{""energy"": 1.0, ""water"": 1.0, ""transport"": 1.0}","{""energy"": 1.0, ""water"": 1.0, ""transport"": 1.0}",0.3,0.1,0.818655449585391,,,"[""energy"", ""water""]",1,v1.0,0.7,0.3
S3_transport_load,55,55,7028552605511348582,scenario=S3_transport_load|method=both|duration=0|theta=0.300000|delta_threshold=0.100000|A=v1.0|w=na|run_id=55|seed=7028552605511348582,False,"{""step_1_amount"": 0.16864095250591132}",5222c37788a096d3910624247b4a1e76a3afcfe0df2ea7ddd6490cebc16a26a9,0.44666666666666677,0.802237593064379,0.35557092639771226,22,0.0,1.0,0.44666666666666677,0.802237593064379,1,1,0.35557092639771226,"{""energy"": 0.6666666666666667, ""water"": 0.2666666666666667, ""transport"": 0.33333333333333337}","{""energy"": 0.9259515439961872, ""water"": 0.43952325155301375, ""transport"": 1.0}","{""energy"": 0.25928487732952044, ""water"": 0.17285658488634703, ""transport"": 0.6666666666666666}","{""energy"": 0.0, ""water"": 0.0, ""transport"": 0.0}","{""energy"": 1.0, ""water"": 1.0, ""transport"": 1.0}","{""energy"": 1.0, ""water"": 1.0, ""transport"": 1.0}",0.3,0.1,0.802237593064379,,,"[""energy"", ""water""]",1,v1.0,0.7,0.3
S3_transport_load,56,56,12307181361380352301,scenario=S3_transport_load|method=both|duration=0|theta=0.300000|delta_threshold=0.100000|A=v1.0|w=na|run_id=56|seed=12307181361380352301,False,"{""step_1_amount"": 0.26911315413881565}",5222c37788a096d3910624247b4a1e76a3afcfe0df2ea7ddd6490cebc16a26a9,0.44666666666666677,0.8153651624050182,0.36869849573835145,30,0.0,1.0,0.44666666666666677,0.8153651624050182,1,1,0.36869849573835145,"{""energy"": 0.6666666666666667, ""water"": 0.2666666666666667, ""transport"": 0.33333333333333337}","{""energy"": 0.947830826230586, ""water"": 0.4541094397092796, ""transport"": 1.0}","{""energy"": 0.28116415956391927, ""water"": 0.18744277304261286, ""transport"": 0.6666666666666666}","{""energy"": 0.0, ""water"": 0.0, ""transport"": 0.0}","{""energy"": 1.0, ""water"": 1.0, ""transport"": 1.0}","{""energy"": 1.0, ""water"": 1.0, ""transport"": 1.0}",0.3,0.1,0.8153651624050182,,,"[""energy"", ""water""]",1,v1.0,0.7,0.3
S3_transport_load,57,57,9704838868303648438,scenario=S3_transport_load|method=both|duration=0|theta=0.300000|delta_threshold=0.100000|A=v1.0|w=na|run_id=57|seed=9704838868303648438,False,"{""step_1_amount"": 0.4165114968285283}",5222c37788a096d3910624247b4a1e76a3afcfe0df2ea7ddd6490cebc16a26a9,0.44666666666666677,0.8177049943559112,0.3710383276892444,28,0.0,1.0,0.44666666666666677,0.8177049943559112,1,1,0.3710383276892444,"{""energy"": 0.6666666666666667, ""water"": 0.2666666666666667, ""transport"": 0.33333333333333337}","{""energy"": 0.9517305461487406, ""water"": 0.4567092529880493, ""transport"": 1.0}","{""energy"": 0.2850638794820739, ""water"": 0.1900425863213826, ""transport"": 0.6666666666666666}","{""energy"": 0.0, ""water"": 0.0, ""transport"": 0.0}","{""energy"": 1.0, ""water"": 1.0, ""transport"": 1.0}","{""energy"": 1.0, ""water"": 1.0, ""transport"": 1.0}",0.3,0.1,0.8177049943559112,,,"[""energy"", ""water""]",1,v1.0,0.7,0.3
S3_transport_load,58,58,3064978711700541878,scenario=S3_transport_load|method=both|duration=0|theta=0.300000|delta_threshold=0.100000|A=v1.0|w=na|run_id=58|seed=3064978711700541878,False,"{""step_1_amount"": 0.7872486101404165}",5222c37788a096d3910624247b4a1e76a3afcfe0df2ea7ddd6490cebc16a26a9,0.44666666666666677,0.8266118881625963,0.3799452214959296,27,0.0,1.0,0.44666666666666677,0.8266118881625963,1,1,0.3799452214959296,"{""energy"": 0.6666666666666667, ""water"": 0.2666666666666667, ""transport"": 0.33333333333333337}","{""energy"": 0.9665753691598827, ""water"": 0.46660580166214405, ""transport"": 1.0}","{""energy"": 0.299908702493216, ""water"": 0.19993913499547733, ""transport"": 0.6666666666666666}","{""energy"": 0.0, ""water"": 0.0, ""transport"": 0.0}","{""energy"": 1.0, ""water"": 1.0, ""transport"": 1.0}","{""energy"": 1.0, ""water"": 1.0, ""transport"": 1.0}",0.3,0.1,0.8266118881625963,,,"[""energy"", ""water""]",1,v1.0,0.7,0.3
S3_transport_load,59,59,1427140081835728258,scenario=S3_transport_load|method=both|duration=0|theta=0.300000|delta_threshold=0.100000|A=v1.0|w=na|run_id=59|seed=1427140081835728258,False,"{""step_1_amount"": 0.7136121988841949}",5222c37788a096d3910624247b4a1e76a3afcfe0df2ea7ddd6490cebc16a26a9,0.44666666666666677,0.8289430488733183,0.3822763822066515,7,0.0,1.0,0.44666666666666677,0.8289430488733183,1,1,0.3822763822066515,"{""energy"": 0.6666666666666667, ""water"": 0.2666666666666667, ""transport"": 0.33333333333333337}","{""energy"": 0.9576453116842181, ""water"": 0.4862830806654367, ""transport"": 1.0}","{""energy"": 0.29097864501755133, ""water"": 0.21961641399876997, ""transport"": 0.6666666666666666}","{""energy"": 0.0, ""water"": 0.0, ""transport"": 0.0}","{""energy"": 1.0, ""water"": 1.0, ""transport"": 1.0}","{""energy"": 1.0, ""water"": 1.0, ""transport"": 1.0}",0.3,0.1,0.8289430488733183,,,"[""energy"", ""water""]",1,v1.0,0.7,0.3
S3_transport_load,60,60,14629378938094824395,scenario=S3_transport_load|method=both|duration=0|theta=0.300000|delta_threshold=0.100000|A=v1.0|w=na|run_id=60|seed=14629378938094824395,False,"{""step_1_amount"": 0.22880653237474716}",5222c37788a096d3910624247b4a1e76a3afcfe0df2ea7ddd6490cebc16a26a9,0.44666666666666677,0.8095591449618298,0.362892478295163,23,0.0,1.0,0.44666666666666677,0.8095591449618298,1,1,0.362892478295163,"{""energy"": 0.6666666666666667, ""water"": 0.2666666666666667, ""transport"": 0.33333333333333337}","{""energy"": 0.9381541304919385, ""water"": 0.4476583092168479, ""transport"": 1.0}","{""energy"": 0.2714874638252718, ""water"": 0.1809916425501812, ""transport"": 0.6666666666666666}","{""energy"": 0.0, ""water"": 0.0, ""transport"": 0.0}","{""energy"": 1.0, ""water"": 1.0, ""transport"": 1.0}","{""energy"": 1.0, ""water"": 1.0, ""transport"": 1.0}",0.3,0.1,0.8095591449618298,,,"[""energy"", ""water""]",1,v1.0,0.7,0.3
S3_transport_load,61,61,3370057095382879468,scenario=S3_transport_load|method=both|duration=0|theta=0.300000|delta_threshold=0.100000|A=v1.0|w=na|run_id=61|seed=3370057095382879468,False,"{""step_1_amount"": 0.3572096459220208}",5222c37788a096d3910624247b4a1e76a3afcfe0df2ea7ddd6490cebc16a26a9,0.44666666666666677,0.822099922597588,0.37543325593092125,30,0.0,1.0,0.44666666666666677,0.822099922597588,1,1,0.37543325593092125,"{""energy"": 0.6666666666666667, ""water"": 0.2666666666666667, ""transport"": 0.33333333333333337}","{""energy"": 0.9590554265515356, ""water"": 0.4615925065899127, ""transport"": 1.0}","{""energy"": 0.2923887598848689, ""water"": 0.19492583992324597, ""transport"": 0.6666666666666666}","{""energy"": 0.0, ""water"": 0.0, ""transport"": 0.0}","{""energy"": 1.0, ""water"": 1.0, ""transport"": 1.0}","{""energy"": 1.0, ""water"": 1.0, ""transport"": 1.0}",0.3,0.1,0.822099922597588,,,"[""energy"", ""water""]",1,v1.0,0.7,0.3
S3_transport_load,62,62,17883115582044246318,scenario=S3_transport_load|method=both|duration=0|theta=0.300000|delta_threshold=0.100000|A=v1.0|w=na|run_id=62|seed=17883115582044246318,False,"{""step_1_amount"": 0.44799206031414934}",5222c37788a096d3910624247b4a1e76a3afcfe0df2ea7ddd6490cebc16a26a9,0.44666666666666677,0.8248716065420121,0.3782049398753453,11,0.0,1.0,0.44666666666666677,0.8248716065420121,1,1,0.3782049398753453,"{""energy"": 0.6666666666666667, ""water"": 0.2666666666666667, ""transport"": 0.33333333333333337}","{""energy"": 0.9636748997922424, ""water"": 0.46467215541705054, ""transport"": 1.0}","{""energy"": 0.29700823312557567, ""water"": 0.19800548875038382, ""transport"": 0.6666666666666666}","{""energy"": 0.0, ""water"": 0.0, ""transport"": 0.0}","{""energy"": 1.0, ""water"": 1.0, ""transport"": 1.0}","{""energy"": 1.0, ""water"": 1.0, ""transport"": 1.0}",0.3,0.1,0.8248716065420121,,,"[""energy"", ""water""]",1,v1.0,0.7,0.3
S3_transport_load,63,63,6263301735003985734,scenario=S3_transport_load|method=both|duration=0|theta=0.300000|delta_threshold=0.100000|A=v1.0|w=na|run_id=63|seed=6263301735003985734,False,"{""step_1_amount"": 0.26191893692085294}",5222c37788a096d3910624247b4a1e76a3afcfe0df2ea7ddd6490cebc16a26a9,0.44666666666666677,0.814497158407977,0.3678304917413102,17,0.0,1.0,0.44666666666666677,0.814497158407977,1,1,0.3678304917413102,"{""energy"": 0.6666666666666667, ""water"": 0.2666666666666667, ""transport"": 0.33333333333333337}","{""energy"": 0.9463841529021837, ""water"": 0.4531449908236781, ""transport"": 1.0}","{""energy"": 0.27971748623551695, ""water"": 0.18647832415701138, ""transport"": 0.6666666666666666}","{""energy"": 0.0, ""water"": 0.0, ""transport"": 0.0}","{""energy"": 1.0, ""water"": 1.0, ""transport"": 1.0}","{""energy"": 1.0, ""water"": 1.0, ""transport"": 1.0}",0.3,0.1,0.814497158407977,,,"[""energy"", ""water""]",1,v1.0,0.7,0.3
S3_transport_load,64,64,17783660201457000081,scenario=S3_transport_load|method=both|duration=0|theta=0.300000|delta_threshold=0.100000|A=v1.0|w=na|run_id=64|seed=17783660201457000081,False,"{""step_1_amount"": 0.38360352774707224}",5222c37788a096d3910624247b4a1e76a3afcfe0df2ea7ddd6490cebc16a26a9,0.44666666666666677,0.8231856633342036,0.37651899666753685,9,0.0,1.0,0.44666666666666677,0.8231856633342036,1,1,0.37651899666753685,"{""energy"": 0.6666666666666667, ""water"": 0.2666666666666667, ""transport"": 0.33333333333333337}","{""energy"": 0.960864994445895, ""water"": 0.46279888518615225, ""transport"": 1.0}","{""energy"": 0.2941983277792283, ""water"": 0.19613221851948553, ""transport"": 0.6666666666666666}","{""energy"": 0.0, ""water"": 0.0, ""transport"": 0.0}","{""energy"": 1.0, ""water"": 1.0, ""transport"": 1.0}","{""energy"": 1.0, ""water"": 1.0, ""transport"": 1.0}",0.3,0.1,0.8231856633342036,,,"[""energy"", ""water""]",1,v1.0,0.7,0.3
S3_transport_load,65,65,13293808346710686042,scenario=S3_transport_load|method=both|duration=0|theta=0.300000|delta_threshold=0.100000|A=v1.0|w=na|run_id=65|seed=13293808346710686042,False,"{""step_1_amount"": 0.03472055606439119}",5222c37788a096d3910624247b4a1e76a3afcfe0df2ea7ddd6490cebc16a26a9,0.44666666666666677,0.5908180931092939,0.14415142644262713,19,0.0,0.0,0.44666666666666677,0.5908180931092939,0,0,0.14415142644262713,"{""energy"": 0.6666666666666667, ""water"": 0.2666666666666667, ""transport"": 0.33333333333333337}","{""energy"": 0.7567613081933087, ""water"": 0.32672976101776136, ""transport"": 0.6336488050888066}","{""energy"": 0.09009464152664193, ""water"": 0.06006309435109464, ""transport"": 0.30031547175547324}","{""energy"": 0.0, ""water"": 0.0, ""transport"": 0.0}","{""energy"": 0.0, ""water"": 0.0, ""transport"": 0.0}","{""energy"": 0.0, ""water"": 0.0, ""transport"": 0.0}",0.3,0.1,0.5908180931092939,,,[],,v1.0,0.7,0.3
S3_transport_load,66,66,8828136742452539615,scenario=S3_transport_load|method=both|duration=0|theta=0.300000|delta_threshold=0.100000|A=v1.0|w=na|run_id=66|seed=8828136742452539615,False,"{""step_1_amount"": 0.3096118703335808}",5222c37788a096d3910624247b4a1e76a3afcfe0df2ea7ddd6490cebc16a26a9,0.44666666666666677,0.8573921651214902,0.4107254984548234,12,0.0,1.0,0.44666666666666677,0.8573921651214902,1,1,0.4107254984548234,"{""energy"": 0.6666666666666667, ""water"": 0.2666666666666667, ""transport"": 0.33333333333333337}","{""energy"": 0.9726185307622033, ""water"": 0.5611491760553631, ""transport"": 1.0}","{""energy"": 0.30595186409553654, ""water"": 0.29448250938869636, ""transport"": 0.6666666666666666}","{""energy"": 0.0, ""water"": 0.0, ""transport"": 0.0}","{""energy"": 1.0, ""water"": 1.0, ""transport"": 1.0}","{""energy"": 1.0, ""water"": 1.0, ""transport"": 1.0}",0.3,0.1,0.8573921651214902,,,"[""energy"", ""water""]",1,v1.0,0.7,0.3
S3_transport_load,67,67,6341279296879737447,scenario=S3_transport_load|method=both|duration=0|theta=0.300000|delta_threshold=0.100000|A=v1.0|w=na|run_id=67|seed=6341279296879737447,False,"{""step_1_amount"": 0.40158917060369165}",5222c37788a096d3910624247b4a1e76a3afcfe0df2ea7ddd6490cebc16a26a9,0.44666666666666677,0.8237735759508111,0.37710690928414436,20,0.0,1.0,0.44666666666666677,0.8237735759508111,1,1,0.37710690928414436,"{""energy"": 0.6666666666666667, ""water"": 0.2666666666666667, ""transport"": 0.33333333333333337}","{""energy"": 0.9618448488069076, ""water"": 0.46345212142682723, ""transport"": 1.0}","{""energy"": 0.29517818214024083, ""water"": 0.19678545476016052, ""transport"": 0.6666666666666666}","{""energy"": 0.0, ""water"": 0.0, ""transport"": 0.0}","{""energy"": 1.0, ""water"": 1.0, ""transport"": 1.0}","{""energy"": 1.0, ""water"": 1.0, ""transport"": 1.0}",0.3,0.1,0.8237735759508111,,,"[""energy"", ""water""]",1,v1.0,0.7,0.3
S3_transport_load,68,68,2796880666480280477,scenario=S3_transport_load|method=both|duration=0|theta=0.300000|delta_threshold=0.100000|A=v1.0|w=na|run_id=68|seed=2796880666480280477,False,"{""step_1_amount"": 0.30739451845265964}",5222c37788a096d3910624247b4a1e76a3afcfe0df2ea7ddd6490cebc16a26a9,0.44666666666666677,0.8190435548469621,0.37237688818029535,16,0.0,1.0,0.44666666666666677,0.8190435548469621,1,1,0.37237688818029535,"{""energy"": 0.6666666666666667, ""water"": 0.2666666666666667, ""transport"": 0.33333333333333337}","{""energy"": 0.9539614803004925, ""water"": 0.4581965424225506, ""transport"": 1.0}","{""energy"": 0.2872948136338258, ""water"": 0.19152987575588387, ""transport"": 0.6666666666666666}","{""energy"": 0.0, ""water"": 0.0, ""transport"": 0.0}","{""energy"": 1.0, ""water"": 1.0, ""transport"": 1.0}","{""energy"": 1.0, ""water"": 1.0, ""transport"": 1.0}",0.3,0.1,0.8190435548469621,,,"[""energy"", ""water""]",1,v1.0,0.7,0.3
S3_transport_load,69,69,13703029104163410303,scenario=S3_transport_load|method=both|duration=0|theta=0.300000|delta_threshold=0.100000|A=v1.0|w=na|run_id=69|seed=13703029104163410303,False,"{""step_1_amount"": 0.26560551383108183}",5222c37788a096d3910624247b4a1e76a3afcfe0df2ea7ddd6490cebc16a26a9,0.44666666666666677,0.827516467589809,0.38084980092314225,14,0.0,1.0,0.44666666666666677,0.827516467589809,1,1,0.38084980092314225,"{""energy"": 0.6666666666666667, ""water"": 0.2666666666666667, ""transport"": 0.33333333333333337}","{""energy"": 0.9537527912239759, ""water"": 0.4867178370007286, ""transport"": 1.0}","{""energy"": 0.2870861245573092, ""water"": 0.2200511703340619, ""transport"": 0.6666666666666666}","{""energy"": 0.0, ""water"": 0.0, ""transport"": 0.0}","{""energy"": 1.0, ""water"": 1.0, ""transport"": 1.0}","{""energy"": 1.0, ""water"": 1.0, ""transport"": 1.0}",0.3,0.1,0.827516467589809,,,"[""energy"", ""water""]",1,v1.0,0.7,0.3
S3_transport_load,70,70,3458444422037962768,scenario=S3_transport_load|method=both|duration=0|theta=0.300000|delta_threshold=0.100000|A=v1.0|w=na|run_id=70|seed=3458444422037962768,False,"{""step_1_amount"": 0.32771439552100456}",5222c37788a096d3910624247b4a1e76a3afcfe0df2ea7ddd6490cebc16a26a9,0.44666666666666677,0.8204813375789852,0.37381467091231846,13,0.0,1.0,0.44666666666666677,0.8204813375789852,1,1,0.37381467091231846,"{""energy"": 0.6666666666666667, ""water"": 0.2666666666666667, ""transport"": 0.33333333333333337}","{""energy"": 0.9563577848538644, ""water"": 0.45979407879146517, ""transport"": 1.0}","{""energy"": 0.2896911181871976, ""water"": 0.19312741212479845, ""transport"": 0.6666666666666666}","{""energy"": 0.0, ""water"": 0.0, ""transport"": 0.0}","{""energy"": 1.0, ""water"": 1.0, ""transport"": 1.0}","{""energy"": 1.0, ""water"": 1.0, ""transport"": 1.0}",0.3,0.1,0.8204813375789852,,,"[""energy"", ""water""]",1,v1.0,0.7,0.3
S3_transport_load,71,71,9195586368077327883,scenario=S3_transport_load|method=both|duration=0|theta=0.300000|delta_threshold=0.100000|A=v1.0|w=na|run_id=71|seed=9195586368077327883,False,"{""step_1_amount"": 0.2244195473431374}",5222c37788a096d3910624247b4a1e76a3afcfe0df2ea7ddd6490cebc16a26a9,0.44666666666666677,0.8087695162212769,0.36210284955461014,16,0.0,1.0,0.44666666666666677,0.8087695162212769,1,1,0.36210284955461014,"{""energy"": 0.6666666666666667, ""water"": 0.2666666666666667, ""transport"": 0.33333333333333337}","{""energy"": 0.936838082591017, ""water"": 0.44678094394956686, ""transport"": 1.0}","{""energy"": 0.27017141592435023, ""water"": 0.18011427728290014, ""transport"": 0.6666666666666666}","{""energy"": 0.0, ""water"": 0.0, ""transport"": 0.0}","{""energy"": 1.0, ""water"": 1.0, ""transport"": 1.0}","{""energy"": 1.0, ""water"": 1.0, ""transport"": 1.0}",0.3,0.1,0.8087695162212769,,,"[""energy"", ""water""]",1,v1.0,0.7,0.3
S3_transport_load,72,72,12431553931124822002,scenario=S3_transport_load|method=both|duration=0|theta=0.300000|delta_threshold=0.100000|A=v1.0|w=na|run_id=72|seed=12431553931124822002,False,"{""step_1_amount"": 0.39102167180381725}",5222c37788a096d3910624247b4a1e76a3afcfe0df2ea7ddd6490cebc16a26a9,0.44666666666666677,0.8234413870289023,0.3767747203622356,9,0.0,1.0,0.44666666666666677,0.8234413870289023,1,1,0.3767747203622356,"{""energy"": 0.6666666666666667, ""water"": 0.2666666666666667, ""transport"": 0.33333333333333337}","{""energy"": 0.9612912006037261, ""water"": 0.4630830226247063, ""transport"": 1.0}","{""energy"": 0.29462453393705934, ""water"": 0.19641635595803958, ""transport"": 0.6666666666666666}","{""energy"": 0.0, ""water"": 0.0, ""transport"": 0.0}","{""energy"": 1.0, ""water"": 1.0, ""transport"": 1.0}","{""energy"": 1.0, ""water"": 1.0, ""transport"": 1.0}",0.3,0.1,0.8234413870289023,,,"[""energy"", ""water""]",1,v1.0,0.7,0.3
S3_transport_load,73,73,14578681191090969637,scenario=S3_transport_load|method=both|duration=0|theta=0.300000|delta_threshold=0.100000|A=v1.0|w=na|run_id=73|seed=14578681191090969637,False,"{""step_1_amount"": 0.22700435811776234}",5222c37788a096d3910624247b4a1e76a3afcfe0df2ea7ddd6490cebc16a26a9,0.44666666666666677,0.809239071447865,0.36257240478119823,6,0.0,1.0,0.44666666666666677,0.809239071447865,1,1,0.36257240478119823,"{""energy"": 0.6666666666666667, ""water"": 0.2666666666666667, ""transport"": 0.33333333333333337}","{""energy"": 0.9376206746353306, ""water"": 0.4473026719791093, ""transport"": 1.0}","{""energy"": 0.27095400796866387, ""water"": 0.18063600531244256, ""transport"": 0.6666666666666666}","{""energy"": 0.0, ""water"": 0.0, ""transport"": 0.0}","{""energy"": 1.0, ""water"": 1.0, ""transport"": 1.0}","{""energy"": 1.0, ""water"": 1.0, ""transport"": 1.0}",0.3,0.1,0.809239071447865,,,"[""energy"", ""water""]",1,v1.0,0.7,0.3
S3_transport_load,74,74,1244781795176152607,scenario=S3_transport_load|method=both|duration=0|theta=0.300000|delta_threshold=0.100000|A=v1.0|w=na|run_id=74|seed=1244781795176152607,False,"{""step_1_amount"": 0.3798170885611445}",5222c37788a096d3910624247b4a1e76a3afcfe0df2ea7ddd6490cebc16a26a9,0.44666666666666677,0.8230474167545199,0.3763807500878531,12,0.0,1.0,0.44666666666666677,0.8230474167545199,1,1,0.3763807500878531,"{""energy"": 0.6666666666666667, ""water"": 0.2666666666666667, ""transport"": 0.33333333333333337}","{""energy"": 0.9606345834797552, ""water"": 0.4626452778753924, ""transport"": 1.0}","{""energy"": 0.2939679168130884, ""water"": 0.19597861120872567, ""transport"": 0.6666666666666666}","{""energy"": 0.0, ""water"": 0.0, ""transport"": 0.0}","{""energy"": 1.0, ""water"": 1.0, ""transport"": 1.0}","{""energy"": 1.0, ""water"": 1.0, ""transport"": 1.0}",0.3,0.1,0.8230474167545199,,,"[""energy"", ""water""]",1,v1.0,0.7,0.3
S3_transport_load,75,75,5428470119931192713,scenario=S3_transport_load|method=both|duration=0|theta=0.300000|delta_threshold=0.100000|A=v1.0|w=na|run_id=75|seed=5428470119931192713,False,"{""step_1_amount"": 0.3236475978762}",5222c37788a096d3910624247b4a1e76a3afcfe0df2ea7ddd6490cebc16a26a9,0.44666666666666677,0.8177049943559112,0.3710383276892444,16,0.0,1.0,0.44666666666666677,0.8177049943559112,1,1,0.3710383276892444,"{""energy"": 0.6666666666666667, ""water"": 0.2666666666666667, ""transport"": 0.33333333333333337}","{""energy"": 0.9517305461487406, ""water"": 0.4567092529880493, ""transport"": 1.0}","{""energy"": 0.2850638794820739, ""water"": 0.1900425863213826, ""transport"": 0.6666666666666666}","{""energy"": 0.0, ""water"": 0.0, ""transport"": 0.0}","{""energy"": 1.0, ""water"": 1.0, ""transport"": 1.0}","{""energy"": 1.0, ""water"": 1.0, ""transport"": 1.0}",0.3,0.1,0.8177049943559112,,,"[""energy"", ""water""]",1,v1.0,0.7,0.3
S3_transport_load,76,76,12320210584015313568,scenario=S3_transport_load|method=both|duration=0|theta=0.300000|delta_threshold=0.100000|A=v1.0|w=na|run_id=76|seed=12320210584015313568,False,"{""step_1_amount"": 0.266263549205666}",5222c37788a096d3910624247b4a1e76a3afcfe0df2ea7ddd6490cebc16a26a9,0.44666666666666677,0.8150290105262148,0.368362343859548,22,0.0,1.0,0.44666666666666677,0.8150290105262148,1,1,0.368362343859548,"{""energy"": 0.6666666666666667, ""water"": 0.2666666666666667, ""transport"": 0.33333333333333337}","{""energy"": 0.947270573099247, ""water"": 0.45373593762172026, ""transport"": 1.0}","{""energy"": 0.28060390643258026, ""water"": 0.18706927095505355, ""transport"": 0.6666666666666666}","{""energy"": 0.0, ""water"": 0.0, ""transport"": 0.0}","{""energy"": 1.0, ""water"": 1.0, ""transport"": 1.0}","{""energy"": 1.0, ""water"": 1.0, ""transport"": 1.0}",0.3,0.1,0.8150290105262148,,,"[""energy"", ""water""]",1,v1.0,0.7,0.3
S3_transport_load,77,77,9011100481232643931,scenario=S3_transport_load|method=both|duration=0|theta=0.300000|delta_threshold=0.100000|A=v1.0|w=na|run_id=77|seed=9011100481232643931,False,"{""step_1_amount"": 0.14102511050687827}",5222c37788a096d3910624247b4a1e76a3afcfe0df2ea7ddd6490cebc16a26a9,0.44666666666666677,0.784466977413318,0.3378003107466512,14,0.0,1.0,0.44666666666666677,0.784466977413318,1,1,0.3378003107466512,"{""energy"": 0.6666666666666667, ""water"": 0.2666666666666667, ""transport"": 0.33333333333333337}","{""energy"": 0.8963338512444187, ""water"": 0.4197781230518347, ""transport"": 1.0}","{""energy"": 0.22966718457775193, ""water"": 0.153111456385168, ""transport"": 0.6666666666666666}","{""energy"": 0.0, ""water"": 0.0, ""transport"": 0.0}","{""energy"": 1.0, ""water"": 1.0, ""transport"": 1.0}","{""energy"": 1.0, ""water"": 1.0, ""transport"": 1.0}",0.3,0.1,0.784466977413318,,,"[""energy"", ""water""]",1,v1.0,0.7,0.3
S3_transport_load,78,78,7132272864970580114,scenario=S3_transport_load|method=both|duration=0|theta=0.300000|delta_threshold=0.100000|A=v1.0|w=na|run_id=78|seed=7132272864970580114,False,"{""step_1_amount"": 0.31001522013687743}",5222c37788a096d3910624247b4a1e76a3afcfe0df2ea7ddd6490cebc16a26a9,0.44666666666666677,0.8177049943559112,0.3710383276892444,6,0.0,1.0,0.44666666666666677,0.8177049943559112,1,1,0.3710383276892444,"{""energy"": 0.6666666666666667, ""water"": 0.2666666666666667, ""transport"": 0.33333333333333337}","{""energy"": 0.9517305461487406, ""water"": 0.4567092529880493, ""transport"": 1.0}","{""energy"": 0.2850638794820739, ""water"": 0.1900425863213826, ""transport"": 0.6666666666666666}","{""energy"": 0.0, ""water"": 0.0, ""transport"": 0.0}","{""energy"": 1.0, ""water"": 1.0, ""transport"": 1.0}","{""energy"": 1.0, ""water"": 1.0, ""transport"": 1.0}",0.3,0.1,0.8177049943559112,,,"[""energy"", ""water""]",1,v1.0,0.7,0.3
S3_transport_load,79,79,7570320247820597051,scenario=S3_transport_load|method=both|duration=0|theta=0.300000|delta_threshold=0.100000|A=v1.0|w=na|run_id=79|seed=7570320247820597051,False,"{""step_1_amount"": 0.4241002815689433}",5222c37788a096d3910624247b4a1e76a3afcfe0df2ea7ddd6490cebc16a26a9,0.44666666666666677,0.8243715526404192,0.3777048859737524,5,0.0,1.0,0.44666666666666677,0.8243715526404192,1,1,0.3777048859737524,"{""energy"": 0.6666666666666667, ""water"": 0.2666666666666667, ""transport"": 0.33333333333333337}","{""energy"": 0.9628414766229207, ""water"": 0.46411653997083613, ""transport"": 1.0}","{""energy"": 0.296174809956254, ""water"": 0.1974498733041694, ""transport"": 0.6666666666666666}","{""energy"": 0.0, ""water"": 0.0, ""transport"": 0.0}","{""energy"": 1.0, ""water"": 1.0, ""transport"": 1.0}","{""energy"": 1.0, ""water"": 1.0, ""transport"": 1.0}",0.3,0.1,0.8243715526404192,,,"[""energy"", ""water""]",1,v1.0,0.7,0.3
S3_transport_load,80,80,6912133186202259221,scenario=S3_transport_load|method=both|duration=0|theta=0.300000|delta_threshold=0.100000|A=v1.0|w=na|run_id=80|seed=6912133186202259221,False,"{""step_1_amount"": 0.15000384113676074}",5222c37788a096d3910624247b4a1e76a3afcfe0df2ea7ddd6490cebc16a26a9,0.44666666666666677,0.8144572131960508,0.36779054652938403,25,0.0,1.0,0.44666666666666677,0.8144572131960508,1,1,0.36779054652938403,"{""energy"": 0.6666666666666667, ""water"": 0.2666666666666667, ""transport"": 0.33333333333333337}","{""energy"": 0.916363378037704, ""water"": 0.4930395399365644, ""transport"": 1.0}","{""energy"": 0.24969671137103722, ""water"": 0.2263728732698977, ""transport"": 0.6666666666666666}","{""energy"": 0.0, ""water"": 0.0, ""transport"": 0.0}","{""energy"": 1.0, ""water"": 1.0, ""transport"": 1.0}","{""energy"": 1.0, ""water"": 1.0, ""transport"": 1.0}",0.3,0.1,0.8144572131960508,,,"[""energy"", ""water""]",1,v1.0,0.7,0.3
S3_transport_load,81,81,7011206626025804733,scenario=S3_transport_load|method=both|duration=0|theta=0.300000|delta_threshold=0.100000|A=v1.0|w=na|run_id=81|seed=7011206626025804733,False,"{""step_1_amount"": 0.07232752086076086}",5222c37788a096d3910624247b4a1e76a3afcfe0df2ea7ddd6490cebc16a26a9,0.44666666666666677,0.6985525787369946,0.25188591207032784,21,0.0,0.0,0.44666666666666677,0.6985525787369946,0,1,0.25188591207032784,"{""energy"": 0.6666666666666667, ""water"": 0.2666666666666667, ""transport"": 0.33333333333333337}","{""energy"": 0.8240953617106217, ""water"": 0.37161913002930336, ""transport"": 0.8580956501465166}","{""energy"": 0.15742869504395496, ""water"": 0.10495246336263664, ""transport"": 0.5247623168131832}","{""energy"": 0.0, ""water"": 0.0, ""transport"": 0.0}","{""energy"": 0.0, ""water"": 0.0, ""transport"": 0.0}","{""energy"": 0.0, ""water"": 0.0, ""transport"": 0.0}",0.3,0.1,0.6985525787369946,,,[],,v1.0,0.7,0.3
S3_transport_load,82,82,14293243736906690689,scenario=S3_transport_load|method=both|duration=0|theta=0.300000|delta_threshold=0.100000|A=v1.0|w=na|run_id=82|seed=14293243736906690689,False,"{""step_1_amount"": 0.097403373240672}",5222c37788a096d3910624247b4a1e76a3afcfe0df2ea7ddd6490cebc16a26a9,0.44666666666666677,0.8283955489003783,0.3817288822337115,22,0.0,1.0,0.44666666666666677,0.8283955489003783,1,1,0.3817288822337115,"{""energy"": 0.6666666666666667, ""water"": 0.2666666666666667, ""transport"": 0.33333333333333337}","{""energy"": 0.9319251256261691, ""water"": 0.5187516621663685, ""transport"": 1.0}","{""energy"": 0.2652584589595024, ""water"": 0.25208499549970176, ""transport"": 0.6666666666666666}","{""energy"": 0.0, ""water"": 0.0, ""transport"": 0.0}","{""energy"": 1.0, ""water"": 1.0, ""transport"": 1.0}","{""energy"": 1.0, ""water"": 1.0, ""transport"": 1.0}",0.3,0.1,0.8283955489003783,,,"[""energy"", ""water""]",2,v1.0,0.7,0.3
S3_transport_load,83,83,3228965552339798957,scenario=S3_transport_load|method=both|duration=0|theta=0.300000|delta_threshold=0.100000|A=v1.0|w=na|run_id=83|seed=3228965552339798957,False,"{""step_1_amount"": 0.38379737987957674}",5222c37788a096d3910624247b4a1e76a3afcfe0df2ea7ddd6490cebc16a26a9,0.44666666666666677,0.8231925972183125,0.37652593055164574,30,0.0,1.0,0.44666666666666677,0.8231925972183125,1,1,0.37652593055164574,"{""energy"": 0.6666666666666667, ""water"": 0.2666666666666667, ""transport"": 0.33333333333333337}","{""energy"": 0.9608765509194097, ""water"": 0.4628065895018287, ""transport"": 1.0}","{""energy"": 0.29420988425274297, ""water"": 0.19613992283516196, ""transport"": 0.6666666666666666}","{""energy"": 0.0, ""water"": 0.0, ""transport"": 0.0}","{""energy"": 1.0, ""water"": 1.0, ""transport"": 1.0}","{""energy"": 1.0, ""water"": 1.0, ""transport"": 1.0}",0.3,0.1,0.8231925972183125,,,"[""energy"", ""water""]",1,v1.0,0.7,0.3
S3_transport_load,84,84,8489888865141892216,scenario=S3_transport_load|method=both|duration=0|theta=0.300000|delta_threshold=0.100000|A=v1.0|w=na|run_id=84|seed=8489888865141892216,False,"{""step_1_amount"": 0.26889675025100807}",5222c37788a096d3910624247b4a1e76a3afcfe0df2ea7ddd6490cebc16a26a9,0.44666666666666677,0.8153399787246189,0.3686733120579522,26,0.0,1.0,0.44666666666666677,0.8153399787246189,1,1,0.3686733120579522,"{""energy"": 0.6666666666666667, ""water"": 0.2666666666666667, ""transport"": 0.33333333333333337}","{""energy"": 0.9477888534299203, ""water"": 0.4540814578421691, ""transport"": 1.0}","{""energy"": 0.2811221867632535, ""water"": 0.18741479117550236, ""transport"": 0.6666666666666666}","{""energy"": 0.0, ""water"": 0.0, ""transport"": 0.0}","{""energy"": 1.0, ""water"": 1.0, ""transport"": 1.0}","{""energy"": 1.0, ""water"": 1.0, ""transport"": 1.0}",0.3,0.1,0.8153399787246189,,,"[""energy"", ""water""]",1,v1.0,0.7,0.3
S3_transport_load,85,85,6847496216321507292,scenario=S3_transport_load|method=both|duration=0|theta=0.300000|delta_threshold=0.100000|A=v1.0|w=na|run_id=85|seed=6847496216321507292,False,"{""step_1_amount"": 0.4518758078417658}",5222c37788a096d3910624247b4a1e76a3afcfe0df2ea7ddd6490cebc16a26a9,0.44666666666666677,0.8249419006485903,0.37827523398192353,8,0.0,1.0,0.44666666666666677,0.8249419006485903,1,1,0.37827523398192353,"{""energy"": 0.6666666666666667, ""water"": 0.2666666666666667, ""transport"": 0.33333333333333337}","{""energy"": 0.9637920566365392, ""water"": 0.46475025997991504, ""transport"": 1.0}","{""energy"": 0.2971253899698725, ""water"": 0.19808359331324832, ""transport"": 0.6666666666666666}","{""energy"": 0.0, ""water"": 0.0, ""transport"": 0.0}","{""energy"": 1.0, ""water"": 1.0, ""transport"": 1.0}","{""energy"": 1.0, ""water"": 1.0, ""transport"": 1.0}",0.3,0.1,0.8249419006485903,,,"[""energy"", ""water""]",1,v1.0,0.7,0.3
S3_transport_load,86,86,6853721116919065020,scenario=S3_transport_load|method=both|duration=0|theta=0.300000|delta_threshold=0.100000|A=v1.0|w=na|run_id=86|seed=6853721116919065020,False,"{""step_1_amount"": 0.30791686854633676}",5222c37788a096d3910624247b4a1e76a3afcfe0df2ea7ddd6490cebc16a26a9,0.44666666666666677,0.8190844020448549,0.3724177353781881,29,0.0,1.0,0.44666666666666677,0.8190844020448549,1,1,0.3724177353781881,"{""energy"": 0.6666666666666667, ""water"": 0.2666666666666667, ""transport"": 0.33333333333333337}","{""energy"": 0.9540295589636468, ""water"": 0.4582419281979868, ""transport"": 1.0}","{""energy"": 0.2873628922969801, ""water"": 0.1915752615313201, ""transport"": 0.6666666666666666}","{""energy"": 0.0, ""water"": 0.0, ""transport"": 0.0}","{""energy"": 1.0, ""water"": 1.0, ""transport"": 1.0}","{""energy"": 1.0, ""water"": 1.0, ""transport"": 1.0}",0.3,0.1,0.8190844020448549,,,"[""energy"", ""water""]",1,v1.0,0.7,0.3
S3_transport_load,87,87,10682380790361524332,scenario=S3_transport_load|method=both|duration=0|theta=0.300000|delta_threshold=0.100000|A=v1.0|w=na|run_id=87|seed=10682380790361524332,False,"{""step_1_amount"": 0.3071603492483157}",5222c37788a096d3910624247b4a1e76a3afcfe0df2ea7ddd6490cebc16a26a9,0.44666666666666677,0.8177049943559112,0.3710383276892444,5,0.0,1.0,0.44666666666666677,0.8177049943559112,1,1,0.3710383276892444,"{""energy"": 0.6666666666666667, ""water"": 0.2666666666666667, ""transport"": 0.33333333333333337}","{""energy"": 0.9517305461487406, ""water"": 0.4567092529880493, ""transport"": 1.0}","{""energy"": 0.2850638794820739, ""water"": 0.1900425863213826, ""transport"": 0.6666666666666666}","{""energy"": 0.0, ""water"": 0.0, ""transport"": 0.0}","{""energy"": 1.0, ""water"": 1.0, ""transport"": 1.0}","{""energy"": 1.0, ""water"": 1.0, ""transport"": 1.0}",0.3,0.1,0.8177049943559112,,,"[""energy"", ""water""]",1,v1.0,0.7,0.3
S3_transport_load,88,88,3634760778312322807,scenario=S3_transport_load|method=both|duration=0|theta=0.300000|delta_threshold=0.100000|A=v1.0|w=na|run_id=88|seed=3634760778312322807,False,"{""step_1_amount"": 0.4293128962590755}",5222c37788a096d3910624247b4a1e76a3afcfe0df2ea7ddd6490cebc16a26a9,0.44666666666666677,0.8681028170910949,0.42143615042442817,27,0.0,1.0,0.44666666666666677,0.8681028170910949,1,1,0.42143615042442817,"{""energy"": 0.6666666666666667, ""water"": 0.2666666666666667, ""transport"": 0.33333333333333337}","{""energy"": 0.985994560447416, ""water"": 0.5790166430404281, ""transport"": 1.0}","{""energy"": 0.3193278937807492, ""water"": 0.3123499763737614, ""transport"": 0.6666666666666666}","{""energy"": 0.0, ""water"": 0.0, ""transport"": 0.0}","{""energy"": 1.0, ""water"": 1.0, ""transport"": 1.0}","{""energy"": 1.0, ""water"": 1.0, ""transport"": 1.0}",0.3,0.1,0.8681028170910949,,,"[""energy"", ""water""]",1,v1.0,0.7,0.3
S3_transport_load,89,89,15599441393092841948,scenario=S3_transport_load|method=both|duration=0|theta=0.300000|delta_threshold=0.100000|A=v1.0|w=na|run_id=89|seed=15599441393092841948,False,"{""step_1_amount"": 0.05624756545407506}",5222c37788a096d3910624247b4a1e76a3afcfe0df2ea7ddd6490cebc16a26a9,0.44666666666666677,0.6575245064976687,0.21085783983100193,21,0.0,0.0,0.44666666666666677,0.6575245064976687,0,1,0.21085783983100193,"{""energy"": 0.6666666666666667, ""water"": 0.2666666666666667, ""transport"": 0.33333333333333337}","{""energy"": 0.7984528165610429, ""water"": 0.3545240999295842, ""transport"": 0.7726204996479208}","{""energy"": 0.1317861498943762, ""water"": 0.0878574332629175, ""transport"": 0.4392871663145874}","{""energy"": 0.0, ""water"": 0.0, ""transport"": 0.0}","{""energy"": 0.0, ""water"": 0.0, ""transport"": 0.0}","{""energy"": 0.0, ""water"": 0.0, ""transport"": 0.0}",0.3,0.1,0.6575245064976687,,,[],,v1.0,0.7,0.3
S3_transport_load,90,90,15793723896452033373,scenario=S3_transport_load|method=both|duration=0|theta=0.300000|delta_threshold=0.100000|A=v1.0|w=na|run_id=90|seed=15793723896452033373,False,"{""step_1_amount"": 0.1815516545225836}",5222c37788a096d3910624247b4a1e76a3afcfe0df2ea7ddd6490cebc16a26a9,0.44666666666666677,0.7988518624513039,0.35218519578463714,16,0.0,1.0,0.44666666666666677,0.7988518624513039,1,1,0.35218519578463714,"{""energy"": 0.6666666666666667, ""water"": 0.2666666666666667, ""transport"": 0.33333333333333337}","{""energy"": 0.9203086596410619, ""water"": 0.4357613286495969, ""transport"": 1.0}","{""energy"": 0.25364199297439516, ""water"": 0.16909466198293016, ""transport"": 0.6666666666666666}","{""energy"": 0.0, ""water"": 0.0, ""transport"": 0.0}","{""energy"": 1.0, ""water"": 1.0, ""transport"": 1.0}","{""energy"": 1.0, ""water"": 1.0, ""transport"": 1.0}",0.3,0.1,0.7988518624513039,,,"[""energy"", ""water""]",1,v1.0,0.7,0.3
S3_transport_load,91,91,9689721048339751950,scenario=S3_transport_load|method=both|duration=0|theta=0.300000|delta_threshold=0.100000|A=v1.0|w=na|run_id=91|seed=9689721048339751950,False,"{""step_1_amount"": 0.6582817174107006}",5222c37788a096d3910624247b4a1e76a3afcfe0df2ea7ddd6490cebc16a26a9,0.44666666666666677,0.8264602669901753,0.3797936003235085,24,0.0,1.0,0.44666666666666677,0.8264602669901753,1,1,0.3797936003235085,"{""energy"": 0.6666666666666667, ""water"": 0.2666666666666667, ""transport"": 0.33333333333333337}","{""energy"": 0.9663226672058476, ""water"": 0.4664373336927873, ""transport"": 1.0}","{""energy"": 0.29965600053918084, ""water"": 0.19977066702612056, ""transport"": 0.6666666666666666}","{""energy"": 0.0, ""water"": 0.0, ""transport"": 0.0}","{""energy"": 1.0, ""water"": 1.0, ""transport"": 1.0}","{""energy"": 1.0, ""water"": 1.0, ""transport"": 1.0}",0.3,0.1,0.8264602669901753,,,"[""energy"", ""water""]",1,v1.0,0.7,0.3
S3_transport_load,92,92,15764053567246779340,scenario=S3_transport_load|method=both|duration=0|theta=0.300000|delta_threshold=0.100000|A=v1.0|w=na|run_id=92|seed=15764053567246779340,False,"{""step_1_amount"": 0.3841109601721895}",5222c37788a096d3910624247b4a1e76a3afcfe0df2ea7ddd6490cebc16a26a9,0.44666666666666677,0.8232037844212279,0.3765371177545611,29,0.0,1.0,0.44666666666666677,0.8232037844212279,1,1,0.3765371177545611,"{""energy"": 0.6666666666666667, ""water"": 0.2666666666666667, ""transport"": 0.33333333333333337}","{""energy"": 0.9608951962576021, ""water"": 0.46281901972729034, ""transport"": 1.0}","{""energy"": 0.2942285295909354, ""water"": 0.19615235306062362, ""transport"": 0.6666666666666666}","{""energy"": 0.0, ""water"": 0.0, ""transport"": 0.0}","{""energy"": 1.0, ""water"": 1.0, ""transport"": 1.0}","{""energy"": 1.0, ""water"": 1.0, ""transport"": 1.0}",0.3,0.1,0.8232037844212279,,,"[""energy"", ""water""]",1,v1.0,0.7,0.3
S3_transport_load,93,93,6047789127205465359,scenario=S3_transport_load|method=both|duration=0|theta=0.300000|delta_threshold=0.100000|A=v1.0|w=na|run_id=93|seed=6047789127205465359,False,"{""step_1_amount"": 0.4114814076641538}",5222c37788a096d3910624247b4a1e76a3afcfe0df2ea7ddd6490cebc16a26a9,0.44666666666666677,0.8240534637019805,0.37738679703531375,16,0.0,1.0,0.44666666666666677,0.8240534637019805,1,1,0.37738679703531375,"{""energy"": 0.6666666666666667, ""water"": 0.2666666666666667, ""transport"": 0.33333333333333337}","{""energy"": 0.9623113283921898, ""water"": 0.46376310781701546, ""transport"": 1.0}","{""energy"": 0.29564466172552306, ""water"": 0.19709644115034874, ""transport"": 0.6666666666666666}","{""energy"": 0.0, ""water"": 0.0, ""transport"": 0.0}","{""energy"": 1.0, ""water"": 1.0, ""transport"": 1.0}","{""energy"": 1.0, ""water"": 1.0, ""transport"": 1.0}",0.3,0.1,0.8240534637019805,,,"[""energy"", ""water""]",1,v1.0,0.7,0.3
S3_transport_load,94,94,12950486580316299111,scenario=S3_transport_load|method=both|duration=0|theta=0.300000|delta_threshold=0.100000|A=v1.0|w=na|run_id=94|seed=12950486580316299111,False,"{""step_1_amount"": 0.43265028576575565}",5222c37788a096d3910624247b4a1e76a3afcfe0df2ea7ddd6490cebc16a26a9,0.44666666666666677,0.8245647710196158,0.377898104352949,5,0.0,1.0,0.44666666666666677,0.8245647710196158,1,1,0.377898104352949,"{""energy"": 0.6666666666666667, ""water"": 0.2666666666666667, ""transport"": 0.33333333333333337}","{""energy"": 0.9631635072549152, ""water"": 0.46433122705883234, ""transport"": 1.0}","{""energy"": 0.29649684058824843, ""water"": 0.19766456039216562, ""transport"": 0.6666666666666666}","{""energy"": 0.0, ""water"": 0.0, ""transport"": 0.0}","{""energy"": 1.0, ""water"": 1.0, ""transport"": 1.0}","{""energy"": 1.0, ""water"": 1.0, ""transport"": 1.0}",0.3,0.1,0.8245647710196158,,,"[""energy"", ""water""]",1,v1.0,0.7,0.3
S3_transport_load,95,95,4631728191499945232,scenario=S3_transport_load|method=both|duration=0|theta=0.300000|delta_threshold=0.100000|A=v1.0|w=na|run_id=95|seed=4631728191499945232,False,"{""step_1_amount"": 0.36089797235491383}",5222c37788a096d3910624247b4a1e76a3afcfe0df2ea7ddd6490cebc16a26a9,0.44666666666666677,0.8222699263837088,0.375603259717042,23,0.0,1.0,0.44666666666666677,0.8222699263837088,1,1,0.375603259717042,"{""energy"": 0.6666666666666667, ""water"": 0.2666666666666667, ""transport"": 0.33333333333333337}","{""energy"": 0.9593387661950701, ""water"": 0.4617813996856023, ""transport"": 1.0}","{""energy"": 0.29267209952840334, ""water"": 0.19511473301893556, ""transport"": 0.6666666666666666}","{""energy"": 0.0, ""water"": 0.0, ""transport"": 0.0}","{""energy"": 1.0, ""water"": 1.0, ""transport"": 1.0}","{""energy"": 1.0, ""water"": 1.0, ""transport"": 1.0}",0.3,0.1,0.8222699263837088,,,"[""energy"", ""water""]",1,v1.0,0.7,0.3
S3_transport_load,96,96,5029051501949555396,scenario=S3_transport_load|method=both|duration=0|theta=0.300000|delta_threshold=0.100000|A=v1.0|w=na|run_id=96|seed=5029051501949555396,False,"{""step_1_amount"": 0.469306410909775}",5222c37788a096d3910624247b4a1e76a3afcfe0df2ea7ddd6490cebc16a26a9,0.44666666666666677,0.8252249922943897,0.37855832562772296,16,0.0,1.0,0.44666666666666677,0.8252249922943897,1,1,0.37855832562772296,"{""energy"": 0.6666666666666667, ""water"": 0.2666666666666667, ""transport"": 0.33333333333333337}","{""energy"": 0.9642638760462052, ""water"": 0.4650648062530257, ""transport"": 1.0}","{""energy"": 0.2975972093795385, ""water"": 0.198398139586359, ""transport"": 0.6666666666666666}","{""energy"": 0.0, ""water"": 0.0, ""transport"": 0.0}","{""energy"": 1.0, ""water"": 1.0, ""transport"": 1.0}","{""energy"": 1.0, ""water"": 1.0, ""transport"": 1.0}",0.3,0.1,0.8252249922943897,,,"[""energy"", ""water""]",1,v1.0,0.7,0.3
S3_transport_load,97,97,5459606772682946712,scenario=S3_transport_load|method=both|duration=0|theta=0.300000|delta_threshold=0.100000|A=v1.0|w=na|run_id=97|seed=5459606772682946712,False,"{""step_1_amount"": 0.21768116509611746}",5222c37788a096d3910624247b4a1e76a3afcfe0df2ea7ddd6490cebc16a26a9,0.44666666666666677,0.8074850840163619,0.3608184173496951,15,0.0,1.0,0.44666666666666677,0.8074850840163619,1,1,0.3608184173496951,"{""energy"": 0.6666666666666667, ""water"": 0.2666666666666667, ""transport"": 0.33333333333333337}","{""energy"": 0.9346973622494918, ""water"": 0.4453537970552168, ""transport"": 1.0}","{""energy"": 0.2680306955828251, ""water"": 0.1786871303885501, ""transport"": 0.6666666666666666}","{""energy"": 0.0, ""water"": 0.0, ""transport"": 0.0}","{""energy"": 1.0, ""water"": 1.0, ""transport"": 1.0}","{""energy"": 1.0, ""water"": 1.0, ""transport"": 1.0}",0.3,0.1,0.8074850840163619,,,"[""energy"", ""water""]",1,v1.0,0.7,0.3
S3_transport_load,98,98,1496592330219819879,scenario=S3_transport_load|method=both|duration=0|theta=0.300000|delta_threshold=0.100000|A=v1.0|w=na|run_id=98|seed=1496592330219819879,False,"{""step_1_amount"": 0.17277426855399214}",5222c37788a096d3910624247b4a1e76a3afcfe0df2ea7ddd6490cebc16a26a9,0.44666666666666677,0.8034268447612742,0.35676017809460747,27,0.0,1.0,0.44666666666666677,0.8034268447612742,1,1,0.35676017809460747,"{""energy"": 0.6666666666666667, ""water"": 0.2666666666666667, ""transport"": 0.33333333333333337}","{""energy"": 0.9279336301576793, ""water"": 0.4408446423273418, ""transport"": 1.0}","{""energy"": 0.2612669634910125, ""water"": 0.17417797566067506, ""transport"": 0.6666666666666666}","{""energy"": 0.0, ""water"": 0.0, ""transport"": 0.0}","{""energy"": 1.0, ""water"": 1.0, ""transport"": 1.0}","{""energy"": 1.0, ""water"": 1.0, ""transport"": 1.0}",0.3,0.1,0.8034268447612742,,,"[""energy"", ""water""]",1,v1.0,0.7,0.3
S3_transport_load,99,99,11276710964437414624,scenario=S3_transport_load|method=both|duration=0|theta=0.300000|delta_threshold=0.100000|A=v1.0|w=na|run_id=99|seed=11276710964437414624,False,"{""step_1_amount"": 0.1494363142200041}",5222c37788a096d3910624247b4a1e76a3afcfe0df2ea7ddd6490cebc16a26a9,0.44666666666666677,0.7879644212609327,0.3412977545942659,19,0.0,1.0,0.44666666666666677,0.7879644212609327,1,1,0.3412977545942659,"{""energy"": 0.6666666666666667, ""water"": 0.2666666666666667, ""transport"": 0.33333333333333337}","{""energy"": 0.9021629243237768, ""water"": 0.42366417177140675, ""transport"": 1.0}","{""energy"": 0.23549625765711002, ""water"": 0.15699750510474003, ""transport"": 0.6666666666666666}","{""energy"": 0.0, ""water"": 0.0, ""transport"": 0.0}","{""energy"": 1.0, ""water"": 1.0, ""transport"": 1.0}","{""energy"": 1.0, ""water"": 1.0, ""transport"": 1.0}",0.3,0.1,0.7879644212609327,,,"[""energy"", ""water""]",1,v1.0,0.7,0.3
S3_transport_load,100,100,17969905077286119396,scenario=S3_transport_load|method=both|duration=0|theta=0.300000|delta_threshold=0.100000|A=v1.0|w=na|run_id=100|seed=17969905077286119396,False,"{""step_1_amount"": 0.227254016866717}",5222c37788a096d3910624247b4a1e76a3afcfe0df2ea7ddd6490cebc16a26a9,0.44666666666666677,0.8092837666816668,0.362617100015,23,0.0,1.0,0.44666666666666677,0.8092837666816668,1,1,0.362617100015,"{""energy"": 0.6666666666666667, ""water"": 0.2666666666666667, ""transport"": 0.33333333333333337}","{""energy"": 0.9376951666916669, ""water"": 0.44735233335000013, ""transport"": 1.0}","{""energy"": 0.2710285000250001, ""water"": 0.1806856666833334, ""transport"": 0.6666666666666666}","{""energy"": 0.0, ""water"": 0.0, ""transport"": 0.0}","{""energy"": 1.0, ""water"": 1.0, ""transport"": 1.0}","{""energy"": 1.0, ""water"": 1.0, ""transport"": 1.0}",0.3,0.1,0.8092837666816668,,,"[""energy"", ""water""]",1,v1.0,0.7,0.3
